Company Name,Sector,Ticker,MarketCap,MarketCap2,,3M India Ltd.,3M India Ltd.,"18,450",-1.16%,"21,028","25,209","15,686",19.53,96.03,10.14,39.57
3M India Ltd.,SERVICES,3MINDIA,21028,21028,,Add to ,,,,,,,,,,
ABB India Ltd.,INDUSTRIAL MANUFACTURING,ABB,,500,,Aarti Industries Ltd.,Very Good,925.5,-0.16%,"16,151","1,192",662,23.31,30.13,5.42,18.39
ACC Ltd.,CEMENT & CEMENT PRODUCTS,ACC,24944,24944,,Add to ,,,,,,,,,,
AIA Engineering Ltd.,INDUSTRIAL MANUFACTURING,AIAENG,15436,15436,,Aavas Financiers Ltd.,Somewhat,"1,335",2.46%,"10,209","2,078",845.8,11.79,40.99,4.87,-
APL Apollo Tubes Ltd.,METALS,APLAPOLLO,"4,387",4387,,Add to ,Good,,,,,,,,,
AU Small Finance Bank Ltd.,FINANCIAL SERVICES,AUBANK,,17626,,Abbott India Ltd.,Very Good,"15,662",-0.89%,"33,577","18,569","8,300",24.13,56.63,13.81,52.41
Aarti Industries Ltd.,CHEMICALS,AARTIIND,16151,16151,,Add to ,,,,,,,,,,
Aavas Financiers Ltd.,FINANCIAL SERVICES,AAVAS,10209,10209,,ACC Ltd.,Very Good,"1,315",-1.03%,"24,944","1,708",895.5,12.2,18.42,2.1,8.4
Abbott India Ltd.,PHARMA,ABBOTINDIA,33577,33577,,Add to ,,,,,,,,,,
Adani Gas Ltd.,OIL & GAS,ADANIGAS,18015,18015,,Adani Gas Ltd.,Somewhat,161.2,-1.59%,"18,015",194.6,76.7,33.55,41.29,12.25,30.82
Adani Green Energy Ltd.,POWER,ADANIGREEN,55960,55960,,Add to ,Good,,,,,,,,,
Adani Ports and Special Economic Zone Ltd.,SERVICES,ADANIPORTS,70471,70471,,Adani Green Energy Ltd.,Not Good,375.6,4.99%,"55,960",486.6,42.55,41.85,0,73.32,40.14
Adani Power Ltd.,POWER,ADANIPOWER,13827,13827,,Add to ,,,,,,,,,,
Adani Transmission Ltd.,POWER,ADANITRANS,29189,29189,,Adani Ports and Special Economic Zone Ltd.,Somewhat,360.4,3.91%,"70,471",428.9,203.4,19.74,18.73,2.75,13.05
Aditya Birla Capital Ltd.,FINANCIAL SERVICES,ABCAPITAL,16294,16294,,Add to ,Good,,,,,,,,,
Aditya Birla Fashion and Retail Ltd.,CONSUMER GOODS,ABFRL,9504,9504,,Adani Power Ltd.,Not Good,35.9,0.14%,"13,827",73.75,24.3,-7.61,0,1.93,-
Advanced Enzyme Tech Ltd.,CONSUMER GOODS,ADVENZYMES,1916,500,,Add to ,,,,,,,,,,
Aegis Logistics Ltd.,OIL & GAS,AEGISCHEM,5812,5812,,Adani Transmission Ltd.,Not Good,261.3,-1.54%,"29,189",365.8,147.5,13.62,39.35,5.59,12.67
Affle (India) Ltd.,IT,AFFLE,3700,3700,,Add to ,,,,,,,,,,
Ajanta Pharmaceuticals Ltd.,PHARMA,AJANTPHARM,12457,500,,Aditya Birla Capital Ltd.,Somewhat,65.55,-2.89%,"16,294",115.3,37.45,6.58,17.71,1.3,-
Akzo Nobel India Ltd.,CONSUMER GOODS,AKZOINDIA,8199,8199,,Add to ,Good,,,,,,,,,
Alembic Pharmaceuticals Ltd.,PHARMA,APLLTD,16975,16975,,Aditya Birla Fashion and Retail Ltd.,Somewhat,120.5,-1.83%,"9,504",285.3,97.05,24.93,0,8.75,18.81
Alkem Laboratories Ltd.,PHARMA,ALKEM,28098,28098,,Add to ,Good,,,,,,,,,
Alkyl Amines Chemicals Ltd.,CHEMICALS,ALKYLAMINE,,500,,Advanced Enzyme Technologies Ltd.,Very Good,171,-0.35%,"1,916",206.8,91.05,16.95,14.82,2.29,8.54
Allcargo Logistics Ltd.,SERVICES,ALLCARGO,"2,001",2001,,Add to ,,,,,,,,,,
Amara Raja Batteries Ltd.,AUTOMOBILE,AMARAJABAT,"11,685",11685,,Aegis Logistics Ltd.,Somewhat,173.3,1.29%,"5,812",266.9,108.1,16.92,58.36,3.51,15.26
Amber Enterprises India Ltd.,CONSUMER GOODS,AMBER,"4,530",4530,,Add to ,Good,,,,,,,,,
Ambuja Cements Ltd.,CEMENT & CEMENT PRODUCTS,AMBUJACEM,"38,462",38462,,Affle (India) Ltd.,Somewhat,"1,524",5.00%,"3,700","2,296",751,69.23,56.48,16.15,50.97
Apollo Hospitals Enterprise Ltd.,HEALTHCARE SERVICES,APOLLOHOSP,"18,949",18949,,Add to ,Good,,,,,,,,,
Apollo Tyres Ltd.,AUTOMOBILE,APOLLOTYRE,"6,338",6338,,AIA Engineering Ltd.,Very Good,"1,604",-2.00%,"15,436","1,985","1,111",14.43,26.15,4.17,21.4
Arvind Fashions Ltd.,CONSUMER GOODS,ARVINDFASN,"1,557",1557,,Add to ,,,,,,,,,,
Asahi India Glass Ltd.,AUTOMOBILE,ASAHIINDIA,"4,263",4263,,Ajanta Pharma Ltd.,Very Good,"1,411",-1.14%,"12,457","1,578",840,17.65,26.63,4.79,21.75
Ashok Leyland Ltd.,AUTOMOBILE,ASHOKLEY,"14,413",14413,,Add to ,,,,,,,,,,
Ashoka Buildcon Ltd.,CONSTRUCTION,ASHOKA,"1,762
",1762,,Akzo Nobel India Ltd.,Somewhat,"1,798",-0.14%,"8,199","2,515","1,654",16.04,34.54,6.64,22.76
Asian Paints Ltd.,CONSUMER GOODS,ASIANPAINT,"1,61,788","1,61,788",,Add to ,Good,,,,,,,,,
Aster DM Healthcare Ltd.,HEALTHCARE SERVICES,ASTERDM,"6,054",6054,,Alembic Pharmaceuticals Ltd.,Very Good,897,-0.39%,"16,975",984,436.1,28.67,20.48,5.27,15.35
AstraZenca Pharma India Ltd.,PHARMA,ASTRAZEN,,500,,Add to ,,,,,,,,,,
Astral Poly Technik Ltd.,INDUSTRIAL MANUFACTURING,ASTRAL,,14768,,Alkem Laboratories Ltd.,Very Good,"2,352",0.10%,"28,098","2,882","1,662",15.19,22.22,4.47,26.6
Atul Ltd.,CHEMICALS,ATUL,,13381,,Add to ,,,,,,,,,,
Aurobindo Pharma Ltd.,PHARMA,AUROPHARMA,,45686,,Allcargo Logistics Ltd.,Somewhat,84.8,4.11%,"2,001",122.7,51.5,11.54,8.97,0.93,5.23
Avanti Feeds Ltd.,CONSUMER GOODS,AVANTIFEED,,6776,,Add to ,Good,,,,,,,,,
Avenue Supermarts Ltd.,CONSUMER GOODS,DMART,,"1,48,693",,Amara Raja Batteries Ltd.,Very Good,690.1,0.88%,"11,685",814,350.2,15.09,17.68,3.2,12.23
Axis Bank Ltd.,FINANCIAL SERVICES,AXISBANK,,"1,19,527",,Add to ,,,,,,,,,,
BASF India Ltd.,CHEMICALS,BASF,,5352,,Amber Enterprises India Ltd.,Somewhat,"1,482",2.90%,"4,530","1,690",750,9.77,28.6,4.01,21.95
BEML Ltd.,INDUSTRIAL MANUFACTURING,BEML,,2666,,Add to ,Good,,,,,,,,,
BSE Ltd.,FINANCIAL SERVICES,BSE,,2132,,Ambuja Cements Ltd.,Very Good,195.8,1.11%,"38,462",224.9,136.7,6.99,25.63,1.7,15.72
Bajaj Auto Ltd.,AUTOMOBILE,BAJAJ-AUTO,,83012,,Add to ,,,,,,,,,,
Bajaj Consumer Care Ltd.,CONSUMER GOODS,BAJAJCON,,2162,,APL Apollo Tubes Ltd.,Somewhat,"1,786",1.25%,"4,387","2,217","1,025",16.63,18.44,3.24,13.15
Bajaj Electricals Ltd,CONSUMER GOODS,BAJAJELEC,,500,,Add to ,Good,,,,,,,,,
Bajaj Finance Ltd.,FINANCIAL SERVICES,BAJFINANCE,,"1,78,641",,Apollo Hospitals Enterprise Ltd.,Very Good,"1,380",1.31%,"18,949","1,814","1,047",8.09,40.3,4.75,21.42
Bajaj Finserv Ltd.,FINANCIAL SERVICES,BAJAJFINSV,,98622,,Add to ,,,,,,,,,,
Bajaj Holdings & Investment Ltd.,FINANCIAL SERVICES,BAJAJHLDNG,,28789,,Apollo Tyres Ltd.,Somewhat,114.3,3.20%,"6,338",202.9,73.55,9.26,12.46,0.82,5.98
Balkrishna Industries Ltd.,AUTOMOBILE,BALKRISIND,,24701,,Add to ,Good,,,,,,,,,
Balmer Lawrie & Co. Ltd.,INDUSTRIAL MANUFACTURING,BALMLAWRIE,,500,,Arvind Fashions Ltd.,Not Good,164.8,4.44%,"1,557",526.1,110.5,1.54,0,1.31,7.68
Balrampur Chini Mills Ltd.,CONSUMER GOODS,BALRAMCHIN,,2892,,Add to ,,,,,,,,,,
Bandhan Bank Ltd.,FINANCIAL SERVICES,BANDHANBNK,,55732,,Asahi India Glass Ltd.,Somewhat,173.9,-0.80%,"4,263",276.9,118.4,16.94,26.66,3.17,11.01
Bank of Baroda,FINANCIAL SERVICES,BANKBARODA,,23773,,Add to ,Good,,,,,,,,,
Bank of India,FINANCIAL SERVICES,BANKINDIA,,16352,,Ashok Leyland Ltd.,Somewhat,49.15,0.10%,"14,413",90.55,33.7,25.42,60.18,1.98,4.41
Bank of Maharashtra.,FINANCIAL SERVICES,MAHABANK,,500,,Add to ,Good,,,,,,,,,
Bata India Ltd.,CONSUMER GOODS,BATAINDIA,,16481,,Ashoka Buildcon Ltd.,Very Good,62.25,-0.80%,"1,762",147.8,37,-0.51,10.66,4.25,5.35
Bayer Cropscience Ltd.,FERTILISERS & PESTICIDES,BAYERCROP,,27811,,Add to ,,,,,,,,,,
Berger Paints India Ltd.,CONSUMER GOODS,BERGEPAINT,,47905,,Asian Paints Ltd.,Very Good,"1,696",0.56%,"1,61,788","1,916","1,291",24.01,59.81,15.97,45.48
Bharat Dynamics Ltd.,INDUSTRIAL MANUFACTURING,BDL,,6120,,Add to ,,,,,,,,,,
Bharat Electronics Ltd.,INDUSTRIAL MANUFACTURING,BEL,,21686,,Aster DM Healthcare Ltd.,Somewhat,121.3,0.12%,"6,054",180.5,78.5,11.04,21.89,1.85,9.55
Bharat Forge Ltd.,INDUSTRIAL MANUFACTURING,BHARATFORG,,15569,,Add to ,Good,,,,,,,,,
Bharat Heavy Electricals Ltd.,INDUSTRIAL MANUFACTURING,BHEL,,12779,,Astral Poly Technik Ltd.,Very Good,981,0.08%,"14,768","1,265",747.6,16.77,59.57,9.83,38.79
Bharat Petroleum Corporation Ltd.,OIL & GAS,BPCL,,83213,,Add to ,,,,,,,,,,
Bharat Rasayan Ltd.,FERTILISERS & PESTICIDES,BHARATRAS,,500,,Astrazeneca Pharma India Ltd.,Not Good,"3,512",-0.87%,"8,857","3,700","1,635",19.7,122.65,24.3,-
Bharti Airtel Ltd.,TELECOM,BHARTIARTL,,"3,04,693",,Add to ,,,,,,,,,,
Bharti Infratel Ltd.,TELECOM,INFRATEL,,41126,,Atul Ltd.,Very Good,"4,541",0.67%,"13,381","5,447","3,257",17.29,20.9,4.36,17.84
Biocon Ltd.,PHARMA,BIOCON,,47028,,Add to ,,,,,,,,,,
Birla Corporation Ltd.,CEMENT & CEMENT PRODUCTS,BIRLACORPN,,4623,,AU Small Finance Bank Ltd.,Somewhat,566.7,-1.49%,"17,626","1,218",366.2,49.96,23.14,0,-
Birlasoft Ltd.,IT,BSOFT,,2513,,Add to ,Good,,,,,,,,,
Bliss GVS Pharma Ltd.,PHARMA,BLISSGVS,,1014,,Aurobindo Pharma Ltd.,Somewhat,778.3,-0.18%,"45,686",819.5,281.1,13.82,24.4,3.51,20.72
Blue Dart Express Ltd.,SERVICES,BLUEDART,,4774,,Add to ,Good,,,,,,,,,
Blue Star Ltd.,CONSUMER GOODS,BLUESTARCO,,4817,,Avanti Feeds Ltd.,Somewhat,491.6,-1.15%,"6,776",769.9,250,23.51,19.56,4.83,14.58
Bombay Burmah Trading Corporation Ltd.,CONSUMER GOODS,BBTC,,7190,,Add to ,Good,,,,,,,,,
Bombay Dyeing & Manufacturing Co. Ltd.,CONSTRUCTION,BOMDYEING,,500,,Avenue Supermarts Ltd.,Very Good,"2,289",-0.29%,"1,48,693","2,559","1,290",18.06,110.15,13.35,90.84
Bosch Ltd.,AUTOMOBILE,BOSCHLTD,,35134,,Add to ,,,,,,,,,,
Brigade Enterprises Ltd.,CONSTRUCTION,BRIGADE,,2688,,Axis Bank Ltd.,Very Good,428.5,1.17%,"1,19,527",813.5,285,7.19,73.45,1.41,-
Britannia Industries Ltd.,CONSUMER GOODS,BRITANNIA,,85080,,Add to ,,,,,,,,,,
CARE Ratings Ltd.,FINANCIAL SERVICES,CARERATING,,1214,,Bajaj Auto Ltd.,Very Good,"2,934",2.28%,"83,012","3,315","1,793",21.24,15.93,3.83,15.51
CCL Products (I) Ltd.,CONSUMER GOODS,CCL,,500,,Add to ,,,,,,,,,,
CESC Ltd.,POWER,CESC,,8425,,Bajaj Consumer Care Ltd.,Very Good,145.1,-1.02%,"2,162",328.4,117.5,46.51,11.35,3.19,6.91
CRISIL Ltd.,FINANCIAL SERVICES,CRISIL,,12195,,Add to ,,,,,,,,,,
CSB Bank Ltd.,FINANCIAL SERVICES,CSBBANK,,500,,Bajaj Electricals Ltd.,Somewhat,384.2,-1.25%,"4,427",535.1,260,16.54,0,3.21,17.2
Cadila Healthcare Ltd.,PHARMA,CADILAHC,,37187,,Add to ,Good,,,,,,,,,
Can Fin Homes Ltd.,FINANCIAL SERVICES,CANFINHOME,,4778,,Bajaj Finance Ltd.,Very Good,"2,932",-1.24%,"1,78,641","4,923","1,783",19.13,36.6,5.65,-
Canara Bank,FINANCIAL SERVICES,CANBK,,15196,,Add to ,,,,,,,,,,
Caplin Point Laboratories Ltd.,PHARMA,CAPLIPOINT,,2551,,Bajaj Finserv Ltd.,Very Good,"6,150",-0.63%,"98,622","10,297","3,986",21.78,29.27,3.15,-
Capri Global Capital Ltd.,FINANCIAL SERVICES,CGCL,,3073,,Add to ,,,,,,,,,,
Carborundum Universal Ltd.,INDUSTRIAL MANUFACTURING,CARBORUNIV,,5174,,Bajaj Holdings & Investment Ltd.,Very Good,"2,549",-1.45%,"28,789","3,949","1,472",7.43,15.76,2.69,-
Castrol India Ltd.,OIL & GAS,CASTROLIND,,12250,,Add to ,,,,,,,,,,
Ceat Ltd.,AUTOMOBILE,CEATLTD,,3713,,Balkrishna Industries Ltd.,Very Good,"1,313",2.78%,"24,701","1,319",677.6,14.77,26.14,4.91,18.79
Central Bank of India,FINANCIAL SERVICES,CENTRALBK,,10163,,Add to ,,,,,,,,,,
Central Depository Services (India) Ltd.,FINANCIAL SERVICES,CDSL,,2872,,Balmer Lawrie & Company Ltd.,Not Good,113.8,1.79%,"1,912",141.3,69.85,13.72,10.79,1.45,6.96
Century Plyboards (India) Ltd.,CONSUMER GOODS,CENTURYPLY,,2647,,Add to ,,,,,,,,,,
Century Textile & Industries Ltd.,PAPER,CENTURYTEX,,500,,Balrampur Chini Mills Ltd.,Not Good,131.5,0.04%,"2,892",195,68.8,30.68,5.68,1.22,6.68
Cera Sanitaryware Ltd,CONSTRUCTION,CERA,,500,,Add to ,,,,,,,,,,
Chambal Fertilizers & Chemicals Ltd.,FERTILISERS & PESTICIDES,CHAMBLFERT,,500,,Bandhan Bank Ltd.,Very Good,347.1,0.30%,"55,732",650,152.3,0,0,0,-
Chennai Petroleum Corporation Ltd.,OIL & GAS,CHENNPETRO,,1196,,Add to ,,,,,,,,,,
Cholamandalam Financial Holdings Ltd.,FINANCIAL SERVICES,CHOLAHLDNG,,5680,,Bank Of Baroda,Somewhat,50.75,-1.36%,"23,773",132.8,36.05,0.97,43.53,0.36,-
Cholamandalam Investment and Finance Company Ltd.,FINANCIAL SERVICES,CHOLAFIN,,500,,Add to ,Good,,,,,,,,,
Cipla Ltd.,PHARMA,CIPLA,,52069,,Bank Of India,Not Good,50.7,1.60%,"16,352",96.4,30.45,-16.21,0,0.42,-
City Union Bank Ltd.,FINANCIAL SERVICES,CUB,,9204,,Add to ,,,,,,,,,,
Coal India Ltd.,METALS,COALINDIA,,82365,,Bank Of Maharashtra,Not Good,10.93,-1.62%,"6,471",17,7.71,-72.59,16.65,0.68,-
Cochin Shipyard Ltd.,INDUSTRIAL MANUFACTURING,COCHINSHIP,,3976,,Add to ,,,,,,,,,,
Colgate Palmolive (India) Ltd.,CONSUMER GOODS,COLPAL,,500,,BASF India Ltd.,Somewhat,"1,240",0.27%,"5,352","1,324",795,1.1,289.14,3.86,34.49
Container Corporation of India Ltd.,SERVICES,CONCOR,,25724,,Add to ,Good,,,,,,,,,
Coromandel International Ltd.,FERTILISERS & PESTICIDES,COROMANDEL,,22044,,Bata India Ltd.,Very Good,"1,300",1.35%,"16,481","1,897","1,017",20.47,50.1,8.7,31.93
CreditAccess Grameen Ltd.,FINANCIAL SERVICES,CREDITACC,,7614,,Add to ,,,,,,,,,,
Crompton Greaves Consumer Electricals Ltd.,CONSUMER GOODS,CROMPTON,,15045,,Bayer CropScience Ltd.,Very Good,"6,076",-1.81%,"27,811","6,342","2,952",13.05,69.79,10.81,73.35
Cummins India Ltd.,INDUSTRIAL MANUFACTURING,CUMMINSIND,,11020,,Add to ,,,,,,,,,,
Cyient Ltd.,IT,CYIENT,,3015,,BEML Ltd.,Somewhat,661,3.26%,"2,666","1,108",369.6,3,38.99,1.18,12.26
D.B.Corp Ltd.,MEDIA & ENTERTAINMENT,DBCORP,,500,,Add to ,Good,,,,,,,,,
DCB Bank Ltd.,FINANCIAL SERVICES,DCBBANK,,2502,,Berger Paints India Ltd.,Very Good,503.4,2.07%,"47,905",597.5,300.1,21.95,72.83,18.01,53.13
DCM Shriram Ltd.,CONSUMER GOODS,DCMSHRIRAM,,4948,,Add to ,,,,,,,,,,
DLF Ltd.,CONSTRUCTION,DLF,,37835,,Bharat Dynamics Ltd.,Somewhat,375.8,12.55%,"6,120",380.7,147,0,0,0,-
Dabur India Ltd.,CONSUMER GOODS,DABUR,,82255,,Add to ,Good,,,,,,,,,
Dalmia Bharat Ltd.,CEMENT & CEMENT PRODUCTS,DALBHARAT,,13609,,Bharat Electronics Ltd.,Very Good,97.25,9.27%,"21,686",122.2,56.1,22.89,12.09,2.2,7.65
Deepak Nitrite Ltd.,CHEMICALS,DEEPAKNTR,,6573,,Add to ,,,,,,,,,,
Delta Corp Ltd.,SERVICES,DELTACORP,,2443,,Bharat Forge Ltd.,Very Good,358.9,7.31%,"15,569",533.1,207.8,18.89,44.51,2.98,9.18
Dhanuka Agritech Ltd.,FERTILISERS & PESTICIDES,DHANUKA,,500,,Add to ,,,,,,,,,,
Dilip Buildcon Ltd.,CONSTRUCTION,DBL,,3899,,Bharat Heavy Electricals Ltd.,Not Good,38.65,5.31%,"12,779",73.65,19.2,3.66,0,0.44,-
Dish TV India Ltd.,MEDIA & ENTERTAINMENT,DISHTV,,1578,,Add to ,,,,,,,,,,
Dishman Carbogen Amcis Ltd.,PHARMA,DCAL,,1977,,Bharat Petroleum Corporation Ltd.,Very Good,385,0.36%,"83,213",549.7,252,20.99,31.01,2.49,8.46
Divi's Laboratories Ltd.,PHARMA,DIVISLAB,,500,,Add to ,,,,,,,,,,
Dixon Technologies (India) Ltd.,CONSUMER GOODS,DIXON,,6885,,Bharti Airtel Ltd.,Somewhat,581.1,4.05%,"3,04,693",611.7,321.6,-3.8,0,3,35.71
Dr. Lal Path Labs Ltd.,HEALTHCARE SERVICES,LALPATHLAB,,500,,Add to ,Good,,,,,,,,,
Dr. Reddy's Laboratories Ltd.,PHARMA,DRREDDY,,500,,Bharti Infratel Ltd.,Very Good,226.5,1.87%,"41,126",295.8,121.2,15.2,23.55,2.96,12.65
E.I.D. Parry (India) Ltd.,FERTILISERS & PESTICIDES,EIDPARRY,,4708,,Add to ,,,,,,,,,,
EIH Ltd.,SERVICES,EIHOTEL,,3761,,Biocon Ltd.,Somewhat,395.6,0.93%,"47,028",410.4,211.3,4.79,107.79,6.24,-
ESAB India Ltd.,INDUSTRIAL MANUFACTURING,ESABINDIA,,500,,Add to ,Good,,,,,,,,,
Edelweiss Financial Services Ltd.,FINANCIAL SERVICES,EDELWEISS,,5661,,Birla Corporation Ltd.,Somewhat,610.2,1.64%,"4,623",807.6,372.5,5.44,9.15,0.96,8.2
Eicher Motors Ltd.,AUTOMOBILE,EICHERMOT,,50108,,Add to ,Good,,,,,,,,,
Elgi Equipments Ltd.,INDUSTRIAL MANUFACTURING,ELGIEQUIP,,2275,,Birlasoft Ltd.,Somewhat,89.75,-1.05%,"2,513",105.8,47.6,15.37,11.2,1.33,4.35
Emami Ltd.,CONSUMER GOODS,EMAMILTD,,10211,,Add to ,Good,,,,,,,,,
Endurance Technologies Ltd.,AUTOMOBILE,ENDURANCE,,12103,,Bliss GVS Pharma Ltd.,Somewhat,97.5,-0.81%,"1,014",163,73.9,9.67,10.98,1.48,10.39
Engineers India Ltd.,CONSTRUCTION,ENGINERSIN,,4739,,Add to ,Good,,,,,,,,,
Equitas Holdings Ltd.,FINANCIAL SERVICES,EQUITAS,,1873,,Blue Dart Express Ltd.,Very Good,"2,010",-0.11%,"4,774","3,068","1,875",13.64,0,8.18,27.04
Eris Lifesciences Ltd.,PHARMA,ERIS,,6086,,Add to ,,,,,,,,,,
Escorts Ltd.,AUTOMOBILE,ESCORTS,,12763,,Blue Star Ltd.,Very Good,500.1,0.00%,"4,817",887,425,12.97,39.85,5.67,19.49
Essel Propack Ltd.,INDUSTRIAL MANUFACTURING,ESSELPACK,,5880,,Add to ,,,,,,,,,,
Exide Industries Ltd.,AUTOMOBILE,EXIDEIND,,13009,,Bombay Burmah Trading Corporation Ltd.,Not Good,"1,029",-0.17%,"7,190","1,381",538,-7.56,0,30.76,-
FDC Ltd.,PHARMA,FDC,,4608,,Add to ,,,,,,,,,,
Federal Bank Ltd.,FINANCIAL SERVICES,FEDERALBNK,,500,,Bombay Dyeing & Manufacturing Company Ltd.,Not Good,72.55,-0.82%,"1,511",112.4,36.2,272.86,4.61,25.54,17.1
Fine Organic Industries Ltd.,CHEMICALS,FINEORG,,5715,,Add to ,,,,,,,,,,
Finolex Cables Ltd.,INDUSTRIAL MANUFACTURING,FINCABLES,,4447,,Bosch Ltd.,Very Good,"11,775",-1.16%,"35,134","17,137","7,874",16.99,60.08,3.79,15.29
Finolex Industries Ltd.,INDUSTRIAL MANUFACTURING,FINPIPE,,6174,,Add to ,,,,,,,,,,
Firstsource Solutions Ltd.,IT,FSL,,2537,,Brigade Enterprises Ltd.,Not Good,131.9,0.30%,"2,688",255,90.7,9.93,10.31,1.06,9.26
Fortis Healthcare Ltd.,HEALTHCARE SERVICES,FORTIS,,9701,,Add to ,,,,,,,,,,
Future Consumer Ltd.,CONSUMER GOODS,FCONSUMER,,2949,,Britannia Industries Ltd.,Very Good,"3,540",0.09%,"85,080","3,705","2,101",31.13,60.66,19.48,46.38
Future Retail Ltd.,CONSUMER GOODS,FRETAIL,,7705,,Add to ,,,,,,,,,,
GAIL (India) Ltd.,OIL & GAS,GAIL,,46657,,BSE Ltd.,Somewhat,0,-,"2,132",0,0,6.45,12.15,0.72,-
GE Power India Ltd.,INDUSTRIAL MANUFACTURING,GEPIL,,3099,,Add to ,Good,,,,,,,,,
GE T&D India Ltd.,INDUSTRIAL MANUFACTURING,GET&D,,1970,,Cadila Healthcare Ltd.,Very Good,366.2,0.83%,"37,187",383.6,206.4,18.56,31.61,3.58,14.86
GHCL Ltd.,CHEMICALS,GHCL,,1343,,Add to ,,,,,,,,,,
GMM Pfaudler Ltd.,INDUSTRIAL MANUFACTURING,GMMPFAUDLR,,500,,Can Fin Homes Ltd.,Very Good,353.2,-1.55%,"4,778",519,253.6,18.15,12.7,2.22,-
GMR Infrastructure Ltd.,CONSTRUCTION,GMRINFRA,,12736,,Add to ,,,,,,,,,,
Galaxy Surfactants Ltd.,CHEMICALS,GALAXYSURF,,5502,,Canara Bank,Not Good,103,-1.48%,"15,196",296.5,73.85,1.78,0,0.43,-
Garden Reach Shipbuilders & Engineers Ltd.,INDUSTRIAL MANUFACTURING,GRSE,,500,,Add to ,,,,,,,,,,
Garware Technical Fibres Ltd.,TEXTILES,GARFIBRES,,3057,,Caplin Point Laboratories Ltd.,Very Good,339.6,0.70%,"2,551",456,180,33.84,11.86,2.92,10.04
General Insurance Corporation of India,FINANCIAL SERVICES,GICRE,,500,,Add to ,,,,,,,,,,
Gillette India Ltd.,CONSUMER GOODS,GILLETTE,,16932,,Capri Global Capital Ltd.,Not Good,175.3,-0.06%,"3,073",230,115,10.32,19.06,2,-
Glaxosmithkline Pharmaceuticals Ltd.,PHARMA,GLAXO,,24854,,Add to ,,,,,,,,,,
Glenmark Pharmaceuticals Ltd.,PHARMA,GLENMARK,,12280,,Carborundum Universal Ltd.,Very Good,269,-1.52%,"5,174",379,175,14.85,18.99,2.79,11.59
Godfrey Phillips India Ltd.,CONSUMER GOODS,GODFRYPHLP,,5120,,Add to ,,,,,,,,,,
Godrej Agrovet Ltd.,CONSUMER GOODS,GODREJAGRO,,8359,,Care Ratings Ltd.,Somewhat,411.6,-0.08%,"1,214",938,236.4,21.68,15.07,2.28,5.89
Godrej Consumer Products Ltd.,CONSUMER GOODS,GODREJCP,,71255,,Add to ,Good,,,,,,,,,
Godrej Industries Ltd.,CONSUMER GOODS,GODREJIND,,13498,,Castrol India Ltd.,Very Good,121.3,-2.06%,"12,250",162.1,89.65,65.56,15.96,8.32,9.76
Godrej Properties Ltd.,CONSTRUCTION,GODREJPROP,,21868,,Add to ,,,,,,,,,,
Granules India Ltd.,PHARMA,GRANULES,,5282,,CCL Products (India) Ltd.,Somewhat,239.9,0.63%,"3,171",258.9,137.2,20.71,13.27,4,20.37
Graphite India Ltd.,INDUSTRIAL MANUFACTURING,GRAPHITE,,3691,,Add to ,Good,,,,,,,,,
Grasim Industries Ltd.,CEMENT & CEMENT PRODUCTS,GRASIM,,40649,,Ceat Ltd.,Somewhat,926.5,0.94%,"3,713","1,101",601.5,12.27,13.71,1.27,7.59
Great Eastern Shipping Co. Ltd.,SERVICES,GESHIP,,500,,Add to ,Good,,,,,,,,,
Greaves Cotton Ltd.,INDUSTRIAL MANUFACTURING,GREAVESCOT,,2000,,Central Bank Of India,Not Good,17.65,-0.84%,"10,163",25.8,10.2,-36.73,0,0.55,-
Grindwell Norton Ltd.,INDUSTRIAL MANUFACTURING,GRINDWELL,,5420,,Add to ,,,,,,,,,,
Gujarat Alkalies & Chemicals Ltd.,CHEMICALS,GUJALKALI,,2408,,Central Depository Services (India) Ltd.,Very Good,0,-,"2,872",0,0,18.13,27.06,3.97,-
Gujarat Fluorochemicals Ltd.,CHEMICALS,FLUOROCHEM,,500,,Add to ,,,,,,,,,,
Gujarat Gas Ltd.,OIL & GAS,GUJGASLTD,,22115,,Century Plyboards (India) Ltd.,Very Good,125,4.91%,"2,647",181.6,95,18.03,16.74,2.47,10.27
Gujarat Mineral Development Corporation Ltd.,METALS,GMDCLTD,,1297,,Add to ,,,,,,,,,,
Gujarat Narmada Valley Fertilizers and Chemicals Ltd.,CHEMICALS,GNFC,,500,,Cera Sanitaryware Ltd.,Very Good,"2,192",0.72%,"2,831","3,015","2,001",16.71,24.5,3.74,14.02
Gujarat Pipavav Port Ltd.,SERVICES,GPPL,,3819,,Add to ,,,,,,,,,,
Gujarat State Fertilizers & Chemicals Ltd.,FERTILISERS & PESTICIDES,GSFC,,2172,,CESC Ltd.,Very Good,629.1,-1.02%,"8,425",854.9,366.2,5.29,9.18,0.84,9.12
Gujarat State Petronet Ltd.,OIL & GAS,GSPL,,12682,,Add to ,,,,,,,,,,
Gulf Oil Lubricants India Ltd.,OIL & GAS,GULFOILLUB,,2886,,Chalet Hotels Ltd.,Somewhat,130.8,-1.21%,"2,713",395,99,0.94,27.24,1.75,12.32
H.E.G. Ltd.,INDUSTRIAL MANUFACTURING,HEG,,500,,Add to ,Good,,,,,,,,,
HCL Technologies Ltd.,IT,HCLTECH,,"1,54,638",,Chambal Fertilisers & Chemicals Ltd.,Not Good,146.7,-0.54%,"6,139",186.5,95.25,22.36,5.01,1.57,11.88
HDFC Asset Management Company Ltd.,FINANCIAL SERVICES,HDFCAMC,,53556,,Add to ,,,,,,,,,,
HDFC Bank Ltd.,FINANCIAL SERVICES,HDFCBANK,,"5,98,276",,Chennai Petroleum Corporation Ltd.,Not Good,80.15,-0.19%,"1,196",213,47.7,-1.21,0,1,10.34
HDFC Life Insurance Company Ltd.,FINANCIAL SERVICES,HDFCLIFE,,500,,Add to ,,,,,,,,,,
HFCL Ltd.,TELECOM,HFCL,,2036,,Cholamandalam Financial Holdings Ltd.,Somewhat,300.8,-0.61%,"5,680",568.2,222,6.39,68.17,5.08,-
Hathway Cable & Datacom Ltd.,MEDIA & ENTERTAINMENT,HATHWAY,,500,,Add to ,Good,,,,,,,,,
Hatsun Agro Product Ltd.,CONSUMER GOODS,HATSUN,,500,,Cholamandalam Investment & Finance Company Ltd.,Very Good,196.7,-0.25%,"16,163",348.9,117.4,21.04,15.36,1.98,-
Havells India Ltd.,CONSUMER GOODS,HAVELLS,,36374,,Add to ,,,,,,,,,,
HeidelbergCement India Ltd.,CEMENT & CEMENT PRODUCTS,HEIDELBERG,,500,,Cipla Ltd.,Very Good,638.9,-1.08%,"52,069",696,356.8,12.03,22.46,2.99,19.98
Heritage Foods Ltd.,CONSUMER GOODS,HERITGFOOD,,1205,,Add to ,,,,,,,,,,
Hero MotoCorp Ltd.,AUTOMOBILE,HEROMOTOCO,,53382,,City Union Bank Ltd.,Very Good,123.5,-0.56%,"9,204",249,110.1,15.17,19.32,1.74,-
Hexaware Technologies Ltd.,IT,HEXAWARE,,10036,,Add to ,,,,,,,,,,
Himadri Speciality Chemical Ltd.,CHEMICALS,HSCL,,2000,,Coal India Ltd.,Very Good,135.2,1.12%,"82,365",253.6,119.2,74.93,4.93,2.56,2.1
Himatsingka Seide Ltd.,TEXTILES,HIMATSEIDE,,628,,Add to ,,,,,,,,,,
Hindalco Industries Ltd.,METALS,HINDALCO,,33189,,Cochin Shipyard Ltd.,Somewhat,308.6,2.08%,"3,976",491.1,209,14.51,6.29,1.07,2.67
Hindustan Aeronautics Ltd.,INDUSTRIAL MANUFACTURING,HAL,,25816,,Add to ,Good,,,,,,,,,
Hindustan Copper Ltd.,METALS,HINDCOPPER,,3025,,Colgate-Palmolive (India) Ltd.,Very Good,"1,382",0.48%,"37,413","1,641","1,065",50.76,45.82,23.47,30.01
Hindustan Petroleum Corporation Ltd.,OIL & GAS,HINDPETRO,,32777,,Add to ,,,,,,,,,,
Hindustan Unilever Ltd.,CONSUMER GOODS,HINDUNILVR,,"5,05,298",,Container Corporation Of India Ltd.,Very Good,429.8,1.80%,"25,724",665,263.2,12.29,68.46,2.56,14.75
Hindustan Zinc Ltd.,METALS,HINDZINC,,82964,,Add to ,,,,,,,,,,
Honeywell Automation India Ltd.,INDUSTRIAL MANUFACTURING,HONAUT,,26281,,Coromandel International Ltd.,Very Good,749.4,-0.35%,"22,044",769,336.5,34.46,20.7,5.11,12.87
Housing & Urban Development Corporation Ltd.,FINANCIAL SERVICES,HUDCO,,6646,,Add to ,,,,,,,,,,
Housing Development Finance Corporation Ltd.,FINANCIAL SERVICES,HDFC,,"3,27,720",,CreditAccess Grameen Ltd.,Very Good,535,1.22%,"7,614","1,001",305.8,0,0,0,-
ICICI Bank Ltd.,FINANCIAL SERVICES,ICICIBANK,,"2,34,883",,Add to ,,,,,,,,,,
ICICI Lombard General Insurance Company Ltd.,FINANCIAL SERVICES,ICICIGI,,500,,CRISIL Ltd.,Very Good,"1,703",1.22%,"12,195","2,070","1,084",29.26,34.31,10.22,25.38
ICICI Prudential Life Insurance Company Ltd.,FINANCIAL SERVICES,ICICIPRULI,,61075,,Add to ,,,,,,,,,,
ICICI Securities Ltd.,FINANCIAL SERVICES,ISEC,,15890,,Crompton Greaves Consumer Electricals Ltd.,Very Good,236.2,-1.52%,"15,045",301.4,177.9,36.73,30.41,11.34,24.81
ICRA Ltd.,FINANCIAL SERVICES,ICRA,,2409,,Add to ,,,,,,,,,,
IDBI Bank Ltd.,FINANCIAL SERVICES,IDBI,,50034,,Cummins India Ltd.,Very Good,410.7,3.31%,"11,020",766.2,281.6,17.01,15.62,2.5,11.97
IDFC First Bank Ltd.,FINANCIAL SERVICES,IDFCFIRSTB,,15202,,Add to ,,,,,,,,,,
IDFC Ltd.,FINANCIAL SERVICES,IDFC,,3049,,Cyient Ltd.,Very Good,266.9,-2.64%,"3,015",557,184.2,19.62,8.8,1.18,3.77
IFB Industries Ltd.,CONSUMER GOODS,IFBIND,,1702,,Add to ,,,,,,,,,,
IFCI Ltd.,FINANCIAL SERVICES,IFCI,,1509,,Dabur India Ltd.,Very Good,467.1,0.38%,"82,255",525.3,385.1,26.24,56.93,12.45,47
IIFL Finance Ltd.,FINANCIAL SERVICES,IIFL,,2868,,Add to ,,,,,,,,,,
IIFL Wealth Management Ltd.,FINANCIAL SERVICES,IIFLWAM,,500,,Dalmia Bharat Ltd.,Very Good,712.7,1.05%,"13,609","1,071",406,2.4,972.1,1.29,8.61
IRB Infrastructure Developers Ltd.,CONSTRUCTION,IRB,,3344,,Add to ,,,,,,,,,,
IRCON International Ltd.,CONSTRUCTION,IRCON,,4380,,DB Corp Ltd.,Not Good,77.05,2.94%,"1,310",197.4,59,14.83,4.76,0.78,2.44
ITC Ltd.,CONSUMER GOODS,ITC,,"2,53,220",,Add to ,,,,,,,,,,
ITI Ltd.,TELECOM,ITI,,9543,,DCB Bank Ltd.,Very Good,79.95,-0.81%,"2,502",244.1,58.1,11.16,7.4,0.79,-
India Cements Ltd.,CEMENT & CEMENT PRODUCTS,INDIACEM,,500,,Add to ,,,,,,,,,,
India Tourism Development Corporation Ltd.,SERVICES,ITDC,,1820,,DCM Shriram Ltd.,Not Good,316.1,-0.38%,"4,948",590,175.8,19.26,6.65,1.21,5.46
Indiabulls Housing Finance Ltd.,FINANCIAL SERVICES,IBULHSGFIN,,9627,,Add to ,,,,,,,,,,
Indiabulls Real Estate Ltd.,CONSTRUCTION,IBREALEST,,2446,,Deepak Nitrite Ltd.,Somewhat,478.9,-0.63%,"6,573",570,256.9,14.49,12.08,4.41,21.87
Indiabulls Ventures Ltd.,FINANCIAL SERVICES,IBVENTURES,,7301,,Add to ,Good,,,,,,,,,
Indiamart Intermesh Ltd.,CONSUMER GOODS,INDIAMART,,6128,,Delta Corp Ltd.,Not Good,90.55,0.44%,"2,443",224.8,54,9.51,24.53,1.27,9.6
Indian Bank,FINANCIAL SERVICES,INDIANB,,7420,,Add to ,,,,,,,,,,
Indian Energy Exchange Ltd.,FINANCIAL SERVICES,IEX,,5507,,Dewan Housing Finance Corporation Ltd.,Not Good,16.5,1.85%,508,86.7,8.4,-12,0,-0.09,-
Indian Hotels Co. Ltd.,SERVICES,INDHOTEL,,500,,Add to ,,,,,,,,,,
Indian Oil Corporation Ltd.,OIL & GAS,IOC,,83221,,Dilip Buildcon Ltd.,Not Good,281,-1.44%,"3,899",499,193.4,21.58,10.9,1.22,6.08
Indian Overseas Bank ,FINANCIAL SERVICES,IOB,,500,,Add to ,,,,,,,,,,
Indian Railway Catering And Tourism Corporation Ltd.,SERVICES,IRCTC,,500,,Dish TV India Ltd.,Somewhat,8.6,0.35%,"1,578",34.8,3.93,-1.69,0,0.3,4.2
IndoStar Capital Finance Ltd.,FINANCIAL SERVICES,INDOSTAR,,3350,,Add to ,Good,,,,,,,,,
Indoco Remedies Ltd.,PHARMA,INDOCO,,500,,Dishman Carbogen Amcis Ltd.,Somewhat,126.8,0.79%,"1,977",232,46.45,4.26,10.96,0.34,5.05
Indraprastha Gas Ltd.,OIL & GAS,IGL,,31115,,Add to ,Good,,,,,,,,,
IndusInd Bank Ltd.,FINANCIAL SERVICES,INDUSINDBK,,34307,,Divis Laboratories Ltd.,Very Good,"2,190",-0.32%,"58,326","2,538","1,467",20.98,42.37,7.98,29.91
Infibeam Avenues Ltd.,IT,INFIBEAM,,4327,,Add to ,,,,,,,,,,
Info Edge (India) Ltd.,IT,NAUKRI,,34164,,Dixon Technologies (India) Ltd.,Somewhat,"5,978",0.45%,"6,885","6,050","1,831",17.81,57.14,12.72,51.29
Infosys Ltd.,IT,INFY,,"3,22,120",,Add to ,Good,,,,,,,,,
Ingersoll Rand (India) Ltd.,INDUSTRIAL MANUFACTURING,INGERRAND,,500,,DLF Ltd.,Not Good,151.3,-0.98%,"37,835",266.6,114.5,2.96,16.71,1.41,31.82
Inox Leisure Ltd.,MEDIA & ENTERTAINMENT,INOXLEISUR,,2404,,Add to ,,,,,,,,,,
Intellect Design Arena Ltd.,IT,INTELLECT,,1445,,Dr. Lal Pathlabs Ltd.,Very Good,"1,619",2.97%,"13,102","1,846","1,038",22.6,58.7,12.89,44
InterGlobe Aviation Ltd.,SERVICES,INDIGO,,38555,,Add to ,,,,,,,,,,
Ipca Laboratories Ltd.,PHARMA,IPCALAB,,20928,,Dr. Reddys Laboratories Ltd.,Very Good,"3,921",0.03%,"65,161","4,189","2,352",13.76,32.16,4.18,20.93
J.B. Chemicals & Pharmaceuticals Ltd.,PHARMA,JBCHEPHARM,,500,,Add to ,,,,,,,,,,
J.K. Cement Ltd.,CEMENT & CEMENT PRODUCTS,JKCEMENT,,500,,E.I.D. Parry (India) Ltd.,Not Good,263.8,-0.83%,"4,708",295.6,100,7.79,0,2.75,-
JK Lakshmi Cement Ltd.,CEMENT & CEMENT PRODUCTS,JKLAKSHMI,,3064,,Add to ,,,,,,,,,,
JK Paper Ltd.,PAPER,JKPAPER,,1779,,eClerx Services Ltd.,Somewhat,476.3,1.16%,"1,741",762,323.1,17.03,8.33,1.33,3.26
JK Tyre & Industries Ltd.,AUTOMOBILE,JKTYRE,,1582,,Add to ,Good,,,,,,,,,
JM Financial Ltd.,FINANCIAL SERVICES,JMFINANCIL,,6949,,Edelweiss Financial Services Ltd.,Somewhat,60.5,-0.08%,"5,661",179.2,29.9,14.38,13.1,0.72,-
JSW Energy Ltd.,POWER,JSWENERGY,,8280,,Add to ,Good,,,,,,,,,
JSW Steel Ltd.,METALS,JSWSTEEL,,47015,,Eicher Motors Ltd.,Very Good,"18,982",3.44%,"50,108","23,428","12,460",27.69,27.42,5.02,16.1
Jagran Prakashan Ltd.,MEDIA & ENTERTAINMENT,JAGRAN,,1156,,Add to ,,,,,,,,,,
Jai Corp Ltd.,INDUSTRIAL MANUFACTURING,JAICORPLTD,,1635,,EIH Ltd.,Not Good,65.2,-0.91%,"3,761",188,54.7,3.7,30.22,1.29,13.28
Jammu & Kashmir Bank Ltd.,FINANCIAL SERVICES,J&KBANK,,500,,Add to ,,,,,,,,,,
Jamna Auto Industries Ltd.,AUTOMOBILE,JAMNAAUTO,,1273,,Elgi Equipments Ltd.,Somewhat,148.8,3.59%,"2,275",309.6,102.2,13.32,22.66,3.2,15.98
Jindal Saw Ltd.,METALS,JINDALSAW,,1859,,Add to ,Good,,,,,,,,,
Jindal Stainless (Hisar) Ltd.,METALS,JSLHISAR,,1669,,Emami Ltd.,Very Good,229.8,2.16%,"10,211",357,140.8,15.18,33.71,5.6,13.89
Jindal Stainless Ltd.,METALS,JSL,,1998,,Add to ,,,,,,,,,,
Jindal Steel & Power Ltd.,METALS,JINDALSTEL,,15698,,Endurance Technologies Ltd.,Somewhat,876.6,1.88%,"12,103","1,202",562,21.36,21.4,4.03,10.86
Johnson Controls - Hitachi Air Conditioning India Ltd.,CONSUMER GOODS,JCHAC,,6068,,Add to ,Good,,,,,,,,,
Jubilant Foodworks Ltd.,CONSUMER GOODS,JUBLFOOD,,22753,,Engineers India Ltd.,Very Good,74.95,-0.07%,"4,739",124.4,49.85,16.11,11.02,2.02,5.53
Jubilant Life Sciences Ltd.,PHARMA,JUBILANT,,10828,,Add to ,,,,,,,,,,
Justdial Ltd.,IT,JUSTDIAL,,500,,Equitas Holdings Ltd.,Somewhat,53.5,-2.37%,"1,873",131.2,32.75,7.66,9.15,0.67,-
Jyothy Labs Ltd.,CONSUMER GOODS,JYOTHYLAB,,4335,,Add to ,Good,,,,,,,,,
K.P.R. Mill Ltd.,TEXTILES,KPRMILL,,500,,Eris Lifesciences Ltd.,Very Good,447.1,-0.26%,"6,086",593.4,341.1,26.99,20.54,4.7,17.2
KEI Industries Ltd.,INDUSTRIAL MANUFACTURING,KEI,,3161,,Add to ,,,,,,,,,,
KNR Constructions Ltd.,CONSTRUCTION,KNRCON,,500,,Escorts Ltd.,Somewhat,"1,060",1.79%,"12,763","1,070",423.3,18.95,27.03,4.09,17.53
KPIT Technologies Ltd.,IT,KPITTECH,,1676,,Add to ,Good,,,,,,,,,
KRBL Ltd.,CONSUMER GOODS,KRBL,,6257,,Essel Propack Ltd.,Somewhat,182.1,-2.31%,"5,880",205,78.85,9.68,55.59,8.44,33.89
KSB Ltd.,INDUSTRIAL MANUFACTURING,KSB,,500,,Add to ,Good,,,,,,,,,
Kajaria Ceramics Ltd.,CONSTRUCTION,KAJARIACER,,6319,,Exide Industries Ltd.,Very Good,153.3,0.20%,"13,009",209.9,121.9,13.4,15.76,2.07,8.97
Kalpataru Power Transmission Ltd.,POWER,KALPATPOWR,,3458,,Add to ,,,,,,,,,,
Kansai Nerolac Paints Ltd.,CONSUMER GOODS,KANSAINER,,24850,,FDC Ltd.,Somewhat,266,-1.30%,"4,608",297.7,152,11.74,18.67,2.99,19.03
Karnataka Bank Ltd.,FINANCIAL SERVICES,KTKBANK,,500,,Add to ,Good,,,,,,,,,
Karur Vysya Bank Ltd.,FINANCIAL SERVICES,KARURVYSYA,,2758,,Federal-Mogul Goetze (India) Ltd.,Somewhat,382.7,-2.12%,"2,175",664.9,239.3,11.94,66.94,2.66,9.43
Kaveri Seed Company Ltd.,CONSUMER GOODS,KSCL,,3664,,Add to ,Good,,,,,,,,,
Kec International Ltd.,CONSTRUCTION,KEC,,7001,,Fine Organic Industries Ltd.,Somewhat,"1,885",1.12%,"5,715","2,548","1,310",28.71,34.68,9.23,24.55
Kolte-Patil Developers Ltd.,CONSTRUCTION,KOLTEPATIL,,500,,Add to ,Good,,,,,,,,,
Kotak Mahindra Bank Ltd.,FINANCIAL SERVICES,KOTAKBANK,,"2,67,465",,Finolex Cables Ltd.,Very Good,292.9,0.74%,"4,447",433,165,12.91,11.05,1.64,8.4
L&T Finance Holdings Ltd.,FINANCIAL SERVICES,L&TFH,,13874,,Add to ,,,,,,,,,,
L&T Technology Services Ltd.,IT,LTTS,,13564,,Finolex Industries Ltd.,Very Good,495.1,-0.48%,"6,174",635,283,13.49,19.04,3.2,9.94
LIC Housing Finance Ltd.,FINANCIAL SERVICES,LICHSGFIN,,14239,,Add to ,,,,,,,,,,
La Opala RG Ltd.,CONSUMER GOODS,LAOPALA,,500,,Firstsource Solutions Ltd.,Not Good,36.8,0.68%,"2,537",55.3,20.65,8.15,13.94,1.24,9.34
Lakshmi Machine Works Ltd.,INDUSTRIAL MANUFACTURING,LAXMIMACH,,3021,,Add to ,,,,,,,,,,
Larsen & Toubro Infotech Ltd.,IT,LTI,,34238,,Fortis Healthcare Ltd.,Somewhat,126.8,-1.32%,"9,701",169,111.6,1.95,18.9,1.09,-
Larsen & Toubro Ltd.,CONSTRUCTION,LT,,"1,32,067",,Add to ,Good,,,,,,,,,
Laurus Labs Ltd.,PHARMA,LAURUSLABS,,5616,,Future Consumer Ltd.,Not Good,14.6,-4.89%,"2,949",42.1,5.44,2.7,39.1,1.74,42.27
Lemon Tree Hotels Ltd.,SERVICES,LEMONTREE,,1866,,Add to ,,,,,,,,,,
Linde India Ltd.,CHEMICALS,LINDEINDIA,,5337,,Future Lifestyle Fashions Ltd.,Not Good,155.5,-4.98%,"3,302",500,91.4,10.82,26.1,1.87,7.61
Lupin Ltd.,PHARMA,LUPIN,,40552,,Add to ,,,,,,,,,,
Lux Industries Ltd.,TEXTILES,LUXIND,,2893,,Future Retail Ltd.,Not Good,136.6,-3.91%,"7,705",482.2,61.05,19.14,11.17,1.51,9.63
MAS Financial Services Ltd.,FINANCIAL SERVICES,MASFIN,,3386,,Add to ,,,,,,,,,,
MMTC Ltd.,SERVICES,MMTC,,2573,,GAIL (India) Ltd.,Very Good,104.8,1.35%,"46,657",154.7,65.7,14.28,7.05,1.11,4.83
MOIL Ltd.,METALS,MOIL,,3644,,Add to ,,,,,,,,,,
MRF Ltd.,AUTOMOBILE,MRF,,28025,,Galaxy Surfactants Ltd.,Somewhat,"1,600",3.11%,"5,502","1,790",975,24.48,24.49,5.29,16.34
Mahanagar Gas Ltd.,OIL & GAS,MGL,,10355,,Add to ,Good,,,,,,,,,
Maharashtra Scooters Ltd.,AUTOMOBILE,MAHSCOOTER,,2881,,Garware Technical Fibres Ltd.,Very Good,"1,427",2.14%,"3,057","1,694",872.5,18.96,17.18,3.96,17.26
Maharashtra Seamless Ltd.,METALS,MAHSEAMLES,,1521,,Add to ,,,,,,,,,,
Mahindra & Mahindra Financial Services Ltd.,FINANCIAL SERVICES,M&MFIN,,11429,,Gayatri Projects Ltd.,Not Good,16.1,3.54%,291,156.9,7.75,14.76,3.08,0.24,3.99
Mahindra & Mahindra Ltd.,AUTOMOBILE,M&M,,65861,,Add to ,,,,,,,,,,
Mahindra CIE Automotive Ltd.,INDUSTRIAL MANUFACTURING,MAHINDCIE,,4423,,GE Power India Ltd.,Very Good,468,1.53%,"3,099",877.6,362.9,13.63,36.43,3.37,11.87
Mahindra Holidays & Resorts India Ltd.,SERVICES,MHRIL,,2375,,Add to ,,,,,,,,,,
Mahindra Logistics Ltd.,SERVICES,MAHLOG,,2001,,GE T&D India Ltd.,Somewhat,80.75,4.94%,"1,970",243.2,58,17.27,0,1.87,4.29
Manappuram Finance Ltd.,FINANCIAL SERVICES,MANAPPURAM,,13476,,Add to ,Good,,,,,,,,,
Mangalore Refinery & Petrochemicals Ltd.,OIL & GAS,MRPL,,6563,,General Insurance Corporation of India Ltd.,Somewhat,153.7,0.79%,"26,755",333.9,81.7,10.15,0,1.18,-
Marico Ltd.,CONSUMER GOODS,MARICO,,46162,,Add to ,Good,,,,,,,,,
Maruti Suzuki India Ltd.,AUTOMOBILE,MARUTI,,"1,79,691",,GHCL Ltd.,Somewhat,144.6,2.26%,"1,343",240.8,68.8,19.41,3.39,0.63,3.38
Max Financial Services Ltd.,FINANCIAL SERVICES,MFSL,,14707,,Add to ,Good,,,,,,,,,
Metropolis Healthcare Ltd.,HEALTHCARE SERVICES,METROPOLIS,,6865,,Gillette India Ltd.,Somewhat,"5,146",-0.97%,"16,932","8,200","4,420",34.56,73.29,19.54,43.81
MindTree Ltd.,IT,MINDTREE,,15430,,Add to ,Good,,,,,,,,,
Minda Corporation Ltd.,AUTOMOBILE,MINDACORP,,1681,,Glaxosmithkline Pharmaceuticals Ltd.,Very Good,"1,467",-0.04%,"24,854","1,745","1,046",20.36,266.68,13.65,39.14
Minda Industries Ltd.,AUTOMOBILE,MINDAIND,,7085,,Add to ,,,,,,,,,,
Mishra Dhatu Nigam Ltd.,METALS,MIDHANI,,4011,,Glenmark Pharmaceuticals Ltd.,Somewhat,432.6,-0.60%,"12,280",572.7,168,12.69,15.83,2.02,9.96
Motherson Sumi Systems Ltd.,AUTOMOBILE,MOTHERSUMI,,32732,,Add to ,Good,,,,,,,,,
Motilal Oswal Financial Services Ltd.,FINANCIAL SERVICES,MOTILALOFS,,8884,,GMR Infrastructure Ltd.,Not Good,21.45,1.66%,"12,736",26.55,14.1,-7.39,0,1.19,-
MphasiS Ltd.,IT,MPHASIS,,16233,,Add to ,,,,,,,,,,
Multi Commodity Exchange of India Ltd.,FINANCIAL SERVICES,MCX,,6516,,Godfrey Phillips India Ltd.,Somewhat,982.4,-0.24%,"5,120","1,480",675.3,11.35,13.2,2.48,12.37
Muthoot Finance Ltd.,FINANCIAL SERVICES,MUTHOOTFIN,,44461,,Add to ,Good,,,,,,,,,
NATCO Pharma Ltd.,PHARMA,NATCOPHARM,,11643,,Godrej Agrovet Ltd.,Somewhat,433.4,-0.43%,"8,359",598,265.1,16.18,27.3,4.55,19.14
NBCC (India) Ltd.,CONSTRUCTION,NBCC,,4455,,Add to ,Good,,,,,,,,,
NCC Ltd.,CONSTRUCTION,NCC,,1869,,Godrej Consumer Products Ltd.,Very Good,717.5,2.95%,"71,255",771.8,425.1,32.16,47.61,9.02,34.11
NESCO Ltd.,SERVICES,NESCO,,3078,,Add to ,,,,,,,,,,
NHPC Ltd.,POWER,NHPC,,20391,,Godrej Industries Ltd.,Not Good,393.9,-1.78%,"13,498",507.6,234,-5.09,438.1,8.28,39.13
NIIT Technologies Ltd.,IT,NIITTECH,,8838,,Add to ,,,,,,,,,,
NLC India Ltd.,POWER,NLCINDIA,,6295,,Godrej Properties Ltd.,Not Good,893.2,2.97%,"21,868","1,188",505.9,5,69.91,4.43,-
NMDC Ltd.,METALS,NMDC,,25000,,Add to ,,,,,,,,,,
NTPC Ltd.,POWER,NTPC,,92366,,Granules India Ltd.,Somewhat,209.1,0.65%,"5,282",224.6,84.25,11.31,11.89,2.92,18.67
Narayana Hrudayalaya Ltd.,HEALTHCARE SERVICES,NH,,5483,,Add to ,Good,,,,,,,,,
National Aluminium Co. Ltd.,METALS,NATIONALUM,,500,,Graphite India Ltd.,Somewhat,189.5,0.32%,"3,691",383.9,103,76.27,119.05,0.97,0.48
National Fertilizers Ltd.,FERTILISERS & PESTICIDES,NFL,,1550,,Add to ,Good,,,,,,,,,
Nava Bharat Ventures Ltd.,POWER,NBVENTURES,,942,,Grasim Industries Ltd.,Very Good,628.4,1.68%,"40,649",949.9,380,6.05,9.19,0.72,7.07
Navin Fluorine International Ltd.,CHEMICALS,NAVINFLUOR,,8330,,Add to ,,,,,,,,,,
Nestle India Ltd.,CONSUMER GOODS,NESTLEIND,,"1,61,805",,Greaves Cotton Ltd.,Very Good,86.05,-0.52%,"2,000",154.2,66.25,16.1,15.48,2.5,6.61
Nilkamal Ltd.,INDUSTRIAL MANUFACTURING,NILKAMAL,,1700,,Add to ,,,,,,,,,,
Nippon Life India Asset Management Ltd.,FINANCIAL SERVICES,NAM-INDIA,,19410,,Grindwell Norton Ltd.,Very Good,487.6,-0.39%,"5,420",699,369.2,15.54,29.62,4.62,19.76
Oberoi Realty Ltd.,CONSTRUCTION,OBEROIRLTY,,13092,,Add to ,,,,,,,,,,
Oil & Natural Gas Corporation Ltd.,OIL & GAS,ONGC,,"1,03,032",,Gujarat Alkalies & Chemicals Ltd.,Somewhat,330.9,0.92%,"2,408",522,165,17.04,7.23,0.52,2.13
Oil India Ltd.,OIL & GAS,OIL,,10345,,Add to ,Good,,,,,,,,,
Omaxe Ltd.,CONSTRUCTION,OMAXE,,2092,,Gujarat Gas Ltd.,Very Good,321.9,0.19%,"22,115",330,154.4,21.33,18.53,6.72,24.1
Oracle Financial Services Software Ltd.,IT,OFSS,,24564,,Add to ,,,,,,,,,,
Orient Cement Ltd.,CEMENT & CEMENT PRODUCTS,ORIENTCEM,,1449,,Gujarat Mineral Development Corporation Ltd.,Somewhat,40.5,-0.74%,"1,297",75.55,29.5,7.99,6.4,0.31,2.28
Orient Electric Ltd.,CONSUMER GOODS,ORIENTELEC,,4175,,Add to ,Good,,,,,,,,,
Orient Refractories Ltd.,INDUSTRIAL MANUFACTURING,ORIENTREF,,2118,,Gujarat Narmada Valley Fertilizers & Chemicals Ltd.,Somewhat,154.3,0.26%,"2,393",258,95.7,15.2,6.77,0.47,2.71
PI Industries Ltd.,FERTILISERS & PESTICIDES,PIIND,,21581,,Add to ,Good,,,,,,,,,
PNB Housing Finance Ltd.,FINANCIAL SERVICES,PNBHOUSING,,3576,,Gujarat Pipavav Port Ltd.,Very Good,77.85,-1.46%,"3,819",99.3,45.5,10.28,13.06,1.83,8.4
PNC Infratech Ltd.,CONSTRUCTION,PNCINFRA,,3825,,Add to ,,,,,,,,,,
PTC India Ltd.,POWER,PTC,,1455,,Gujarat State Fertilizers & Chemicals Ltd.,Somewhat,54.35,-0.28%,"2,172",97.7,29.9,7.41,22,0.32,3.91
PVR Ltd.,MEDIA & ENTERTAINMENT,PVR,,5214,,Add to ,Good,,,,,,,,,
Page Industries Ltd.,TEXTILES,PAGEIND,,22612,,Gujarat State Petronet Ltd.,Very Good,221.2,-1.58%,"12,682",263.4,146,14.71,11.44,1.89,9.65
Persistent Systems Ltd.,IT,PERSISTENT,,4914,,Add to ,,,,,,,,,,
Petronet LNG Ltd.,OIL & GAS,PETRONET,,39203,,Gulf Oil Lubricants India Ltd.,Somewhat,581.7,1.05%,"2,886",900.5,450,0,0,0,-
Pfizer Ltd.,PHARMA,PFIZER,,19120,,Add to ,Good,,,,,,,,,
Phillips Carbon Black Ltd.,CHEMICALS,PHILIPCARB,,1729,,Hatsun Agro Products Ltd.,Very Good,651.3,1.03%,"10,423",774.9,375.1,20.59,92.83,11.52,25.39
Phoenix Mills Ltd.,CONSTRUCTION,PHOENIXLTD,,8423,,Add to ,,,,,,,,,,
Pidilite Industries Ltd.,CHEMICALS,PIDILITIND,,70553,,Havells India Ltd.,Very Good,579.8,-0.22%,"36,374",795,447.2,17.04,49.62,8.45,33.15
Piramal Enterprises Ltd.,FINANCIAL SERVICES,PEL,,31330,,Add to ,,,,,,,,,,
Poly Medicure Ltd.,PHARMA,POLYMED,,500,,HCL Technologies Ltd.,Very Good,579,1.61%,"1,54,638",624,375.5,25.41,13.99,3.02,10.68
Polycab India Ltd.,INDUSTRIAL MANUFACTURING,POLYCAB,,12528,,Add to ,,,,,,,,,,
Power Finance Corporation Ltd.,FINANCIAL SERVICES,PFC,,22427,,HDFC Asset Management Company Ltd.,Very Good,"2,545",1.13%,"53,556","3,844","1,888",0,0,0,-
Power Grid Corporation of India Ltd.,POWER,POWERGRID,,91553,,Add to ,,,,,,,,,,
Praj Industries Ltd.,INDUSTRIAL MANUFACTURING,PRAJIND,,1187,,HDFC Bank Ltd.,Very Good,"1,074",-1.42%,"5,98,276","1,304",738.9,16.54,21.95,3.39,-
Prestige Estates Projects Ltd.,CONSTRUCTION,PRESTIGE,,500,,Add to ,,,,,,,,,,
Prism Johnson Ltd.,CEMENT & CEMENT PRODUCTS,PRSMJOHNSN,,2305,,HDFC Life Insurance Co Ltd.,Very Good,572.1,4.42%,"1,10,641",646.4,339.1,0,0,54.8,-
Procter & Gamble Health Ltd.,PHARMA,PGHL,,6736,,Add to ,,,,,,,,,,
Procter & Gamble Hygiene & Health Care Ltd.,CONSUMER GOODS,PGHH,,33244,,HEG Ltd.,Somewhat,855.5,1.30%,"3,260","1,473",413.2,109.42,61.06,0.95,0.7
Punjab National Bank,FINANCIAL SERVICES,PNB,,34114,,Add to ,Good,,,,,,,,,
Quess Corp Ltd.,SERVICES,QUESS,,5365,,Heidelberg Cement India Ltd.,Somewhat,180.3,-0.06%,"4,089",217.8,120,19.87,15.25,3.11,8.83
RBL Bank Ltd.,FINANCIAL SERVICES,RBLBANK,,9028,,Add to ,Good,,,,,,,,,
REC Ltd.,FINANCIAL SERVICES,RECLTD,,21428,,Heritage Foods Ltd.,Not Good,263,1.25%,"1,205",411.6,146.7,22.01,0,2.61,7.68
RITES Ltd.,SERVICES,RITES,,6696,,Add to ,,,,,,,,,,
Radico Khaitan Ltd,CONSUMER GOODS,RADICO,,500,,Hero MotoCorp Ltd.,Very Good,"2,738",2.44%,"53,382","3,021","1,475",25.68,14.69,3.78,10.14
Rail Vikas Nigam Ltd.,CONSTRUCTION,RVNL,,4222,,Add to ,,,,,,,,,,
Rain Industries Ltd,CHEMICALS,RAIN,,500,,Hexaware Technologies Ltd.,Very Good,333.8,-0.60%,"10,036",398.9,201.7,26.27,19.74,5.04,15.67
Rajesh Exports Ltd.,CONSUMER GOODS,RAJESHEXPO,,13888,,Add to ,,,,,,,,,,
Rallis India Ltd.,FERTILISERS & PESTICIDES,RALLIS,,5286,,HFCL Ltd.,Not Good,15.35,-3.15%,"2,036",22.3,8.15,13.72,9.99,1.24,7.24
Rashtriya Chemicals & Fertilizers Ltd.,FERTILISERS & PESTICIDES,RCF,,2576,,Add to ,,,,,,,,,,
Ratnamani Metals & Tubes Ltd.,METALS,RATNAMANI,,4906,,Himadri Speciality Chemical Ltd.,Somewhat,48.5,1.57%,"2,000",106.5,27.3,19.57,9.4,1.13,4.51
Raymond Ltd.,TEXTILES,RAYMOND,,1892,,Add to ,Good,,,,,,,,,
Redington (India) Ltd.,SERVICES,REDINGTON,,3504,,Himatsingka Seide Ltd.,Somewhat,63.9,0.16%,628,174.3,43,13.29,4.81,0.44,5.58
Relaxo Footwears Ltd.,CONSUMER GOODS,RELAXO,,15667,,Add to ,Good,,,,,,,,,
Reliance Industries Ltd.,OIL & GAS,RELIANCE,,"11,90,490",,Hindalco Industries Ltd.,Not Good,146.3,-0.95%,"33,189",221.2,85.05,9.51,8.81,0.57,4.65
Repco Home Finance Ltd.,FINANCIAL SERVICES,REPCOHOME,,787,,Add to ,,,,,,,,,,
SBI Life Insurance Company Ltd.,FINANCIAL SERVICES,SBILIFE,,81368,,Hindustan Aeronautics Ltd.,Very Good,851.6,10.31%,"25,816",896.4,448,22.31,8.91,1.95,6.71
SJVN Ltd.,POWER,SJVN,,8547,,Add to ,,,,,,,,,,
SKF India Ltd.,INDUSTRIAL MANUFACTURING,SKFINDIA,,8235,,Hindustan Copper Ltd.,Very Good,33.1,1.22%,"3,025",51,18.3,9.66,0,2.89,13.72
SRF Ltd.,INDUSTRIAL MANUFACTURING,SRF,,21026,,Add to ,,,,,,,,,,
Sadbhav Engineering Ltd.,CONSTRUCTION,SADBHAV,,789,,Hindustan Petroleum Corporation Ltd.,Somewhat,215.9,0.37%,"32,777",329.2,155,24.09,12.42,1.06,4.58
Sanofi India Ltd.,PHARMA,SANOFI,,18112,,Add to ,Good,,,,,,,,,
Schaeffler India Ltd.,INDUSTRIAL MANUFACTURING,SCHAEFFLER,,11030,,Hindustan Unilever Ltd.,Very Good,"2,172",0.93%,"5,05,298","2,614","1,660",84.35,74.88,61.38,50.63
Schneider Electric Infrastructure Ltd.,INDUSTRIAL MANUFACTURING,SCHNEIDER,,500,,Add to ,,,,,,,,,,
Security and Intelligence Services (India) Ltd.,SERVICES,SIS,,500,,Hindustan Zinc Ltd.,Very Good,195.2,-0.61%,"82,964",241.1,122,21.15,12.19,2.06,6.16
Sequent Scientific Ltd.,PHARMA,SEQUENT,,500,,Add to ,,,,,,,,,,
Sheela Foam Ltd.,CONSUMER GOODS,SFL,,6998,,Honeywell Automation India Ltd.,Very Good,"29,403",-1.08%,"26,281","39,500","20,142",22.23,53.47,12.07,51.9
Shipping Corporation of India Ltd.,SERVICES,SCI,,500,,Add to ,,,,,,,,,,
Shoppers Stop Ltd.,CONSUMER GOODS,SHOPERSTOP,,1477,,Housing & Urban Development Corporation Ltd.,Somewhat,34,2.41%,"6,646",45.7,18.05,11.29,3.89,0.54,-
Shree Cement Ltd.,CEMENT & CEMENT PRODUCTS,SHREECEM,,82102,,Add to ,Good,,,,,,,,,
Shree Renuka Sugars Ltd.,CONSUMER GOODS,RENUKA,,2162,,Housing Development Finance Corporation Ltd.,Very Good,"1,886",-0.18%,"3,27,720","2,500","1,473",13.71,18.44,3.8,-
Shriram City Union Finance Ltd.,FINANCIAL SERVICES,SHRIRAMCIT,,4529,,Add to ,,,,,,,,,,
Shriram Transport Finance Co. Ltd.,FINANCIAL SERVICES,SRTRANSFIN,,500,,ICICI Bank Ltd.,Very Good,361,-0.47%,"2,34,883",552.4,269,3.24,29.62,2.07,-
Siemens Ltd.,INDUSTRIAL MANUFACTURING,SIEMENS,,38960,,Add to ,,,,,,,,,,
Sobha Ltd.,CONSTRUCTION,SOBHA,,2117,,ICICI Lombard General Insurance Co Ltd.,Very Good,"1,283",-0.42%,"58,532","1,440",805.6,0,0,0,-
Solar Industries India Ltd.,CHEMICALS,SOLARINDS,,500,,Add to ,,,,,,,,,,
Sonata Software Ltd.,IT,SONATSOFTW,,2491,,ICICI Prudential Life Insurance Company Ltd.,Very Good,433.4,1.89%,"61,075",537.5,221.9,0,57.24,8.13,-
South Indian Bank Ltd.,FINANCIAL SERVICES,SOUTHBANK,,500,,Add to ,,,,,,,,,,
Spandana Sphoorty Financial Ltd.,FINANCIAL SERVICES,SPANDANA,,3551,,ICICI Securities Ltd.,Very Good,491.6,-0.33%,"15,890",524.8,191,53.13,29.32,13.14,-
Spicejet Ltd.,SERVICES,SPICEJET,,3027,,Add to ,,,,,,,,,,
Star Cement Ltd.,CEMENT & CEMENT PRODUCTS,STARCEMENT,,3629,,ICRA Ltd.,Very Good,"2,501",0.19%,"2,409","3,275","1,968",14.77,27.61,3.6,16.97
State Bank of India,FINANCIAL SERVICES,SBIN,,"1,65,507",,Add to ,,,,,,,,,,
Steel Authority of India Ltd.,METALS,SAIL,,12908,,IDBI Bank Ltd.,Not Good,50.6,4.98%,"50,034",50.6,17.5,-61.94,0,1.77,-
Sterling And Wilson Solar Ltd.,CONSTRUCTION,SWSOLAR,,3509,,Add to ,,,,,,,,,,
Sterlite Technologies Ltd.,TELECOM,STRTECH,,5136,,IDFC First Bank Ltd.,Somewhat,26.8,0.00%,"15,202",48,17.75,-11.23,0,0.87,-
Strides Pharma Science Ltd.,PHARMA,STAR,,3699,,Add to ,Good,,,,,,,,,
Sudarshan Chemical Industries Ltd.,CHEMICALS,SUDARSCHEM,,2702,,IDFC Ltd.,Somewhat,19.1,0.00%,"3,049",40.5,13.4,0.23,0,0.37,-
Sumitomo Chemical India Ltd.,CHEMICALS,SUMICHEM,,500,,Add to ,Good,,,,,,,,,
Sun Pharma Advanced Research Company Ltd.,PHARMA,SPARC,,4167,,IFB Industries Ltd.,Very Good,415.1,-1.15%,"1,702",798.1,232.1,10.05,32.46,2.56,12.55
Sun Pharmaceutical Industries Ltd.,PHARMA,SUNPHARMA,,"1,13,525",,Add to ,,,,,,,,,,
Sun TV Network Ltd.,MEDIA & ENTERTAINMENT,SUNTV,,15809,,IFCI Ltd.,Not Good,7.72,-3.02%,"1,509",9.34,3.1,-9.93,0,0.35,-
Sundaram Finance Ltd.,FINANCIAL SERVICES,SUNDARMFIN,,15685,,Add to ,,,,,,,,,,
Sundram Fasteners Ltd.,AUTOMOBILE,SUNDRMFAST,,7988,,IIFL Finance Ltd.,Somewhat,74.15,-2.18%,"2,868",212.8,58.15,4.17,19.27,0.79,-
Sunteck Realty Ltd.,CONSTRUCTION,SUNTECK,,2586,,Add to ,Good,,,,,,,,,
Suprajit Engineering Ltd.,AUTOMOBILE,SUPRAJIT,,2088,,India Tourism Development Corporation Ltd.,Not Good,209.2,-1.46%,"1,820",419.3,105,7.96,57.76,5.69,77.57
Supreme Industries Ltd.,INDUSTRIAL MANUFACTURING,SUPREMEIND,,14459,,Add to ,,,,,,,,,,
Suzlon Energy Ltd.,INDUSTRIAL MANUFACTURING,SUZLON,,3775,,Indiabulls Housing Finance Ltd.,Not Good,230.9,2.58%,"9,627",745,81.25,22.73,4.11,0.55,-
Swan Energy Ltd.,CONSTRUCTION,SWANENERGY,,3439,,Add to ,,,,,,,,,,
Symphony Ltd.,CONSUMER GOODS,SYMPHONY,,6363,,Indiabulls Integrated Services Ltd.,Not Good,56.9,-4.93%,535,208.9,31.1,-2.02,0,1.22,5.18
Syngene International Ltd.,PHARMA,SYNGENE,,16250,,Add to ,,,,,,,,,,
TCI Express Ltd.,SERVICES,TCIEXP,,2514,,Indiabulls Real Estate Ltd.,Not Good,56.45,4.93%,"2,446",120.3,36.85,1.5,0,0.38,-
TCNS Clothing Co. Ltd.,TEXTILES,TCNSBRANDS,,500,,Add to ,,,,,,,,,,
TTK Prestige Ltd.,CONSUMER GOODS,TTKPRESTIG,,7658,,Indiabulls Ventures Ltd.,Not Good,113.8,-4.17%,"7,301",343.2,63.6,2.9,29.57,1.55,-
TV Today Network Ltd.,MEDIA & ENTERTAINMENT,TVTODAY,,1135,,Add to ,,,,,,,,,,
TV18 Broadcast Ltd.,MEDIA & ENTERTAINMENT,TV18BRDCST,,6026,,Indiamart Intermesh Ltd.,NA,"2,098",-0.99%,"6,128","2,862",952,-20.38,41.57,22.27,-
TVS Motor Company Ltd.,AUTOMOBILE,TVSMOTOR,,18317,,Add to ,,,,,,,,,,
Take Solutions Ltd.,PHARMA,TAKE,,727,,Indian Bank,Very Good,64.55,-1.75%,"7,420",264.3,41.7,1.96,8.61,0.37,-
Tasty Bite Eatables Ltd.,CONSUMER GOODS,TASTYBITE,,3292,,Add to ,,,,,,,,,,
Tata Communications Ltd.,TELECOM,TATACOMM,,500,,Indian Energy Exchange Ltd.,Very Good,187.8,2.18%,"5,507",203.4,111,0,0,0,-
Tata Consultancy Services Ltd.,IT,TCS,,"8,09,896",,Add to ,,,,,,,,,,
Tata Consumer Products Ltd.,CONSUMER GOODS,TATACONSUM,,35826,,Indian Oil Corporation Ltd.,Somewhat,87.85,-0.62%,"83,221",157.3,71.15,16.4,63.37,0.89,4.55
Tata Elxsi Ltd.,IT,TATAELXSI,,5672,,Add to ,Good,,,,,,,,,
Tata Investment Corporation Ltd.,FINANCIAL SERVICES,TATAINVEST,,3806,,Indian Overseas Bank,Not Good,11.13,-3.39%,"18,935",13.83,6.17,-29.85,0,1.4,-
Tata Motors Ltd DVR,AUTOMOBILE,TATAMTRDVR,,500,,Add to ,,,,,,,,,,
Tata Motors Ltd.,AUTOMOBILE,TATAMOTORS,,31369,,Indostar Capital Finance Ltd.,Not Good,271,-0.37%,"3,350",371,166,9.71,0,0.94,-
Tata Power Co. Ltd.,POWER,TATAPOWER,,500,,Add to ,,,,,,,,,,
Tata Steel BSL Ltd.,METALS,TATASTLBSL,,2263,,Indraprastha Gas Ltd.,Very Good,447.4,0.65%,"31,115",534.4,284.6,20.62,27.38,6.15,23.01
Tata Steel Ltd.,METALS,TATASTEEL,,40332,,Add to ,,,,,,,,,,
Teamlease Services Ltd.,SERVICES,TEAMLEASE,,2836,,IndusInd Bank Ltd.,Very Good,487.2,-1.50%,"34,307","1,596",235.6,13.25,7.77,1.02,-
Tech Mahindra Ltd.,IT,TECHM,,54178,,Add to ,,,,,,,,,,
The New India Assurance Company Ltd.,FINANCIAL SERVICES,NIACL,,500,,Infibeam Avenues Ltd.,Not Good,64.6,-0.77%,"4,327",68.5,26.55,3.43,28.04,1.54,24.04
The Ramco Cements Ltd.,CEMENT & CEMENT PRODUCTS,RAMCOCEM,,15287,,Add to ,,,,,,,,,,
Thermax Ltd.,INDUSTRIAL MANUFACTURING,THERMAX,,8989,,Info Edge (India) Ltd.,Very Good,"2,767",-0.76%,"34,164","3,125","1,580",12.37,166.12,14.05,97.33
Thyrocare Technologies Ltd.,HEALTHCARE SERVICES,THYROCARE,,2705,,Add to ,,,,,,,,,,
Time Technoplast Ltd.,INDUSTRIAL MANUFACTURING,TIMETECHNO,,846,,Infosys Ltd.,Very Good,762.6,0.83%,"3,22,120",847.4,511.1,24.9,19.41,4.94,13.42
Timken India Ltd.,INDUSTRIAL MANUFACTURING,TIMKEN,,7610,,Add to ,,,,,,,,,,
Titan Company Ltd.,CONSUMER GOODS,TITAN,,87567,,Inox Leisure Ltd.,Not Good,233.2,-0.21%,"2,404",510.8,158.2,17.23,160.93,3.87,7.97
Torrent Pharmaceuticals Ltd.,PHARMA,TORNTPHARM,,39780,,Add to ,,,,,,,,,,
Torrent Power Ltd.,POWER,TORNTPOWER,,15582,,Intellect Design Arena Ltd.,Not Good,107.2,-1.79%,"1,445",292,44,11.52,90.36,1.38,10.29
Trent Ltd.,CONSUMER GOODS,TRENT,,21740,,Add to ,,,,,,,,,,
Trident Ltd.,TEXTILES,TRIDENT,,3506,,Interglobe Aviation Ltd.,Somewhat,"1,011",0.93%,"38,555","1,911",765,3.07,0,6.56,81.13
Tube Investments of India Ltd.,AUTOMOBILE,TIINDIA,,8355,,Add to ,Good,,,,,,,,,
UCO Bank,FINANCIAL SERVICES,UCOBANK,,14580,,Ipca Laboratories Ltd.,Very Good,"1,663",0.39%,"20,928","1,821",844.2,15.84,32.08,5.71,30.12
UFLEX Ltd.,INDUSTRIAL MANUFACTURING,UFLEX,,1545,,Add to ,,,,,,,,,,
UPL Ltd.,FERTILISERS & PESTICIDES,UPL,,33800,,IRB Infrastructure Developers Ltd.,Not Good,98.95,3.99%,"3,344",119.7,46,12.77,11.98,1.3,15.51
Ujjivan Financial Services Ltd.,FINANCIAL SERVICES,UJJIVAN,,2905,,Add to ,,,,,,,,,,
Ujjivan Small Finance Bank Ltd.,FINANCIAL SERVICES,UJJIVANSFB,,500,,Ircon International Ltd.,Somewhat,91.65,-1.61%,"4,380",119.8,58.2,11.5,9.33,1.04,9.34
UltraTech Cement Ltd.,CEMENT & CEMENT PRODUCTS,ULTRACEMCO,,"1,12,997",,Add to ,Good,,,,,,,,,
Union Bank of India,FINANCIAL SERVICES,UNIONBANK,,20758,,ITC Ltd.,Very Good,207.3,0.66%,"2,53,220",282.9,134.9,22,16.73,3.95,13.59
United Breweries Ltd.,CONSUMER GOODS,UBL,,27913,,Add to ,,,,,,,,,,
United Spirits Ltd.,CONSUMER GOODS,MCDOWELL-N,,43188,,ITD Cementation India Ltd.,Not Good,52.5,-2.60%,926,111,26,10.07,21.45,0.88,5.23
V-Guard Industries Ltd.,CONSUMER GOODS,VGUARD,,7309,,Add to ,,,,,,,,,,
V-Mart Retail Ltd.,CONSUMER GOODS,VMART,,3292,,ITI Ltd.,Not Good,112,8.53%,"9,543",113.7,44.9,5.29,63.25,274.96,-
V.I.P. Industries Ltd.,CONSUMER GOODS,VIPIND,,500,,Add to ,,,,,,,,,,
VRL Logistics Ltd.,SERVICES,VRLLOG,,1457,,Jagran Prakashan Ltd.,Not Good,40.75,-0.85%,"1,156",108,36.15,14.62,4.41,0.84,3.38
VST Industries Ltd.,CONSUMER GOODS,VSTIND,,4876,,Add to ,,,,,,,,,,
Vaibhav Global Ltd.,CONSUMER GOODS,VAIBHAVGBL,,4129,,Jai Corp Ltd.,Not Good,95.1,3.76%,"1,635",121.9,42.65,2.01,40.34,1.35,23.34
Vakrangee Ltd.,IT,VAKRANGEE,,3750,,Add to ,,,,,,,,,,
Vardhman Textiles Ltd.,TEXTILES,VTL,,3837,,Jain Irrigation Systems Ltd.,Not Good,13.35,-4.98%,697,28.9,3.08,5.14,0,0.16,3.26
Varroc Engineering Ltd.,AUTOMOBILE,VARROC,,2479,,Add to ,,,,,,,,,,
Varun Beverages Ltd.,CONSUMER GOODS,VBL,,19677,,Jamna Auto Industries Ltd.,Not Good,33.05,3.44%,"1,273",53.5,21,29.37,26.59,2.46,4.5
Vedanta Ltd.,METALS,VEDL,,39551,,Add to ,,,,,,,,,,
Venky's (India) Ltd.,CONSUMER GOODS,VENKEYS,,500,,JB Chemicals & Pharmaceuticals Ltd.,Very Good,718,0.37%,"5,529",743,321.7,11.72,20.62,3.83,17.74
Vesuvius India Ltd.,INDUSTRIAL MANUFACTURING,VESUVIUS,,500,,Add to ,,,,,,,,,,
Vinati Organics Ltd.,CHEMICALS,VINATIORGA,,9918,,Jindal Saw Ltd.,Not Good,60.75,4.47%,"1,859",102.7,40,7.18,3.13,0.27,4.81
Vodafone Idea Ltd.,TELECOM,IDEA,,28850,,Add to ,,,,,,,,,,
Voltas Ltd.,CONSUMER GOODS,VOLTAS,,18604,,Jindal Stainless (Hisar) Ltd.,Somewhat,69,-2.47%,"1,669",91.35,30.4,21.57,4.25,0.74,3.85
WABCO India Ltd.,AUTOMOBILE,WABCOINDIA,,13051,,Add to ,Good,,,,,,,,,
Welspun Corp Ltd.,METALS,WELCORP,,2111,,Jindal Stainless Ltd.,Not Good,40.3,-1.71%,"1,998",47.25,22.3,5.47,11.73,0.74,5.44
Welspun India Ltd.,TEXTILES,WELSPUNIND,,3572,,Add to ,,,,,,,,,,
Westlife Development Ltd.,SERVICES,WESTLIFE,,4819,,Jindal Steel & Power Ltd.,Not Good,153.8,-0.10%,"15,698",202.4,62.1,-2.04,0,0.49,6.56
Whirlpool of India Ltd.,CONSUMER GOODS,WHIRLPOOL,,26680,,Add to ,,,,,,,,,,
Wipro Ltd.,IT,WIPRO,,"1,28,403",,JK Cement Ltd.,Somewhat,"1,413",1.40%,"10,767","1,504",800,12.9,26.89,3.44,15.04
Wockhardt Ltd.,PHARMA,WOCKPHARMA,,3042,,Add to ,Good,,,,,,,,,
Zee Entertainment Enterprises Ltd.,MEDIA & ENTERTAINMENT,ZEEL,,16751,,JK Lakshmi Cement Ltd.,Not Good,276.3,6.13%,"3,064",389.4,179.8,3.81,13.02,1.79,10.35
Zensar Technolgies Ltd.,IT,ZENSARTECH,,500,,Add to ,,,,,,,,,,
Zydus Wellness Ltd.,CONSUMER GOODS,ZYDUSWELL,,7476,,JK Paper Ltd.,Not Good,99.9,0.10%,"1,779",151.9,62.2,23.22,3.61,0.75,2.84
eClerx Services Ltd.,IT,ECLERX,,1741,,Add to ,,,,,,,,,,
,,,,,,JK Tyre & Industries Ltd.,Not Good,64.3,0.08%,"1,582",87.7,31.5,9.3,6.92,0.73,6.57
,,,,,,Add to ,,,,,,,,,,
,,,,,,JM Financial Ltd.,Not Good,73.15,0.21%,"6,949",126,55.5,5.11,54.58,2.1,-
,,,,,,Add to ,,,,,,,,,,
,,,,,,Johnson Controls - Hitachi Air Conditioning India Ltd.,Very Good,"2,256",1.06%,"6,068","3,375","1,475",15.78,72.65,8.81,36.55
,,,,,,Add to ,,,,,,,,,,
,,,,,,JSW Energy Ltd.,Somewhat,49,-2.78%,"8,280",80,34.75,6.3,7.53,0.71,6.28
,,,,,,Add to ,Good,,,,,,,,,
,,,,,,JSW Steel Ltd.,Somewhat,190.9,-1.83%,"47,015",296.6,132.5,27.18,8.89,1.23,4.42
,,,,,,Add to ,Good,,,,,,,,,
,,,,,,Jubilant FoodWorks Ltd.,Very Good,"1,737",0.76%,"22,753","1,973","1,078",27.9,82.6,19.23,36.17
,,,,,,Add to ,,,,,,,,,,
,,,,,,Jubilant Life Sciences Ltd.,Somewhat,682.9,0.45%,"10,828",697,230,7.17,33.72,4.15,36.2
,,,,,,Add to ,Good,,,,,,,,,
,,,,,,Just Dial Ltd.,Somewhat,382.9,-0.78%,"2,505",824.9,250.6,21.42,9.2,1.95,10.69
,,,,,,Add to ,Good,,,,,,,,,
,,,,,,Jyothy Labs Ltd.,Very Good,122,3.35%,"4,335",185,86.2,16.47,25.46,3.53,15.68
,,,,,,Add to ,,,,,,,,,,
,,,,,,Kajaria Ceramics Ltd.,Very Good,400.9,0.84%,"6,319",605.8,295.4,15.94,24.75,3.69,13.6
,,,,,,Add to ,,,,,,,,,,
,,,,,,Kalpataru Power Transmission Ltd.,Somewhat,234.2,4.77%,"3,458",538.2,170,13.14,7.47,0.98,4.79
,,,,,,Add to ,Good,,,,,,,,,
,,,,,,Kansai Nerolac Paints Ltd.,Very Good,450.9,-2.22%,"24,850",573,296.3,14.64,46.41,6.56,31.19
,,,,,,Add to ,,,,,,,,,,
,,,,,,Karur Vysya Bank Ltd.,Very Good,34,-1.45%,"2,758",71.6,18.15,3.32,13.05,0.42,-
,,,,,,Add to ,,,,,,,,,,
,,,,,,Kaveri Seed Company Ltd.,Very Good,580.6,0.03%,"3,664",635,274.1,19.05,14.58,3.73,15.44
,,,,,,Add to ,,,,,,,,,,
,,,,,,KEC International Ltd.,Somewhat,276.3,1.47%,"7,001",358.3,154.5,16.83,12.83,2.47,8.51
,,,,,,Add to ,Good,,,,,,,,,
,,,,,,KEI Industries Ltd.,Somewhat,357.1,1.10%,"3,161",614.7,208.4,28.96,12.33,2.1,7.58
,,,,,,Add to ,Good,,,,,,,,,
,,,,,,Kennametal India Ltd.,Very Good,757,-0.13%,"1,666","1,227",601,18.02,28.38,2.98,11.96
,,,,,,Add to ,,,,,,,,,,
,,,,,,Kirloskar Oil Engines Ltd.,Very Good,112,0.31%,"1,615",199,70.05,13.12,9.48,0.88,2.07
,,,,,,Add to ,,,,,,,,,,
,,,,,,KNR Construction Ltd.,Very Good,211.3,-2.04%,"3,033",311.1,171.7,22.53,11.42,1.95,6.97
,,,,,,Add to ,,,,,,,,,,
,,,,,,Kolte Patil Developers Ltd.,Not Good,159.2,-0.13%,"1,208",288,103.1,8.28,12.12,1.34,7.88
,,,,,,Add to ,,,,,,,,,,
,,,,,,Kotak Mahindra Bank Ltd.,Very Good,"1,354",0.14%,"2,67,465","1,740","1,000",13.08,44.97,4.78,-
,,,,,,Add to ,,,,,,,,,,
,,,,,,KPIT Technologies Ltd.,Somewhat,60.6,-0.90%,"1,676",111.1,34.45,11.98,11.44,1.59,20.94
,,,,,,Add to ,Good,,,,,,,,,
,,,,,,KPR Mill Ltd.,Somewhat,490,-1.34%,"3,417",714.2,316.9,19.84,9.07,1.83,6.84
,,,,,,Add to ,Good,,,,,,,,,
,,,,,,KRBL Ltd.,Somewhat,263.4,-0.92%,"6,257",318.1,91.25,20.35,11.18,2.01,8.9
,,,,,,Add to ,Good,,,,,,,,,
,,,,,,L&T Finance Holdings Ltd.,Somewhat,67.7,-2.17%,"13,874",134,46,18.1,6.38,0.94,-
,,,,,,Add to ,Good,,,,,,,,,
,,,,,,L&T Technology Services Ltd.,Very Good,"1,295",-0.23%,"13,564","1,780",995,29.27,17.17,5.25,12.37
,,,,,,Add to ,,,,,,,,,,
,,,,,,Lakshmi Machine Works Ltd.,Very Good,"2,841",0.49%,"3,021","5,315","2,001",1.92,67.13,1.82,98.18
,,,,,,Add to ,,,,,,,,,,
,,,,,,Larsen & Toubro Infotech Ltd.,Very Good,"1,977",0.59%,"34,238","2,049","1,208",26.8,22.06,6.68,17.04
,,,,,,Add to ,,,,,,,,,,
,,,,,,Larsen & Toubro Ltd.,Somewhat,944.5,0.41%,"1,32,067","1,592",661,12.3,21.92,2.53,15.52
,,,,,,Add to ,Good,,,,,,,,,
,,,,,,Laurus Labs Ltd.,Somewhat,530.4,0.97%,"5,616",587.3,298,15.41,22,3.18,11.78
,,,,,,Add to ,Good,,,,,,,,,
,,,,,,Lemon Tree Hotels Ltd.,Somewhat,23.65,0.42%,"1,866",69,13.8,5.54,0,1.21,17.78
,,,,,,Add to ,Good,,,,,,,,,
,,,,,,LIC Housing Finance Ltd.,Very Good,274.4,-2.73%,"14,239",586.8,186,15.89,5.92,0.78,-
,,,,,,Add to ,,,,,,,,,,
,,,,,,Linde India Ltd.,Somewhat,622.5,-0.52%,"5,337",801,378,2.71,7.3,2.45,19.25
,,,,,,Add to ,Good,,,,,,,,,
,,,,,,Lupin Ltd.,Very Good,899.4,0.49%,"40,552",955.9,505,3.6,0,3.23,15.93
,,,,,,Add to ,,,,,,,,,,
,,,,,,Lux Industries Ltd.,Not Good,"1,148",0.19%,"2,893","1,680",812.8,27.03,22.96,5.8,17.07
,,,,,,Add to ,,,,,,,,,,
,,,,,,Magma Fincorp Ltd.,Somewhat,23.5,-4.86%,666,131.5,12.7,12.64,0,0.26,-
,,,,,,Add to ,Good,,,,,,,,,
,,,,,,Mahanagar Gas Ltd.,Very Good,"1,071",2.18%,"10,355","1,247",666.4,24.45,13.05,3.51,10.57
,,,,,,Add to ,,,,,,,,,,
,,,,,,Maharashtra Scooters Ltd.,Very Good,"2,543",0.89%,"2,881","4,948","1,815",0,0,0,-
,,,,,,Add to ,,,,,,,,,,
,,,,,,Maharashtra Seamless Ltd.,Somewhat,224.6,-1.10%,"1,521",459.9,185,11.53,4.42,0.43,2.8
,,,,,,Add to ,Good,,,,,,,,,
,,,,,,Mahindra & Mahindra Financial Services Ltd.,Very Good,182.6,-1.30%,"11,429",416.4,125.4,17.28,10.63,0.95,-
,,,,,,Add to ,,,,,,,,,,
,,,,,,Mahindra & Mahindra Ltd.,Very Good,530.3,0.10%,"65,861",675,245.8,14.95,49.5,1.91,9.29
,,,,,,Add to ,,,,,,,,,,
,,,,,,Mahindra CIE Automotive Ltd.,Not Good,116.8,0.09%,"4,423",228.4,59.05,7.72,19.91,0.95,5.91
,,,,,,Add to ,,,,,,,,,,
,,,,,,Mahindra Holidays & Resorts India Ltd.,Somewhat,178.9,0.65%,"2,375",252.4,122,8.68,25.95,2.82,17.94
,,,,,,Add to ,Good,,,,,,,,,
,,,,,,Mahindra Logistics Ltd.,Very Good,280.4,0.30%,"2,001",489.6,199,18.73,36.48,3.67,12.45
,,,,,,Add to ,,,,,,,,,,
,,,,,,Manappuram Finance Ltd.,Very Good,161.2,1.10%,"13,476",194.6,75.6,22.43,9.18,2.35,-
,,,,,,Add to ,,,,,,,,,,
,,,,,,Mangalore Refinery & Petrochemicals Ltd.,Somewhat,36.8,-1.74%,"6,563",62.65,21.25,5.08,0,0.84,7.71
,,,,,,Add to ,Good,,,,,,,,,
,,,,,,Marico Ltd.,Very Good,358.6,0.29%,"46,162",403.7,233.8,39.21,45.21,15.27,35.57
,,,,,,Add to ,,,,,,,,,,
,,,,,,Maruti Suzuki India Ltd.,Very Good,"5,933",-0.26%,"1,79,691","7,755","4,002",13.63,31.66,3.64,15.71
,,,,,,Add to ,,,,,,,,,,
,,,,,,MAS Financial Services Ltd.,Somewhat,636.2,2.70%,"3,386","1,269",448.1,18.15,18.82,3.24,-
,,,,,,Add to ,Good,,,,,,,,,
,,,,,,Max Financial Services Ltd.,Somewhat,555.1,1.76%,"14,707",611,279.8,2.53,53.96,6.45,-
,,,,,,Add to ,Good,,,,,,,,,
,,,,,,Metropolis Healthcare Ltd.,Very Good,"1,358",0.27%,"6,865","2,110",949.5,28.49,53.92,12.74,32.96
,,,,,,Add to ,,,,,,,,,,
,,,,,,Minda Corporation Ltd.,Somewhat,70.8,-4.32%,"1,681",122,52.6,16.33,12.09,1.32,6.79
,,,,,,Add to ,Good,,,,,,,,,
,,,,,,Minda Industries Ltd.,Somewhat,285.8,5.75%,"7,085",425.9,209.3,18.34,45.73,3.9,10.92
,,,,,,Add to ,Good,,,,,,,,,
,,,,,,Mindtree Ltd.,Very Good,945.6,0.86%,"15,430","1,062",652.5,19.68,24.46,4.9,12.98
,,,,,,Add to ,,,,,,,,,,
,,,,,,Mishra Dhatu Nigam Ltd.,NA,213.2,-0.40%,"4,011",278,108.5,0,0,0,-
,,,,,,Add to ,,,,,,,,,,
,,,,,,MMTC Ltd.,Not Good,17.3,0.87%,"2,573",26.5,9.9,6.59,45.92,1.73,17.94
,,,,,,Add to ,,,,,,,,,,
,,,,,,MOIL Ltd.,Somewhat,149.9,-2.34%,"3,644",170,86.8,16.25,14.68,1.32,2.11
,,,,,,Add to ,Good,,,,,,,,,
,,,,,,Motherson Sumi Systems Ltd.,Somewhat,98.1,-5.35%,"32,732",151,48.5,15.08,27.98,3.1,7.61
,,,,,,Add to ,Good,,,,,,,,,
,,,,,,Motilal Oswal Financial Services Ltd.,Very Good,600.1,0.16%,"8,884",903.5,426,12.86,45.14,3.21,-
,,,,,,Add to ,,,,,,,,,,
,,,,,,Mphasis Ltd.,Somewhat,887.5,1.99%,"16,233",999.6,612,20,13.7,2.81,8.91
,,,,,,Add to ,Good,,,,,,,,,
,,,,,,MRF Ltd.,Very Good,"66,117",0.06%,"28,025","73,500","50,000",9.64,20.09,2.33,11.78
,,,,,,Add to ,,,,,,,,,,
,,,,,,Multi Commodity Exchange Of India Ltd.,Very Good,"1,287",0.75%,"6,516","1,442",779,9.04,31.25,4.21,-
,,,,,,Add to ,,,,,,,,,,
,,,,,,Muthoot Finance Ltd.,Very Good,"1,146",3.40%,"44,461","1,284",477.5,22.45,14.73,3.84,-
,,,,,,Add to ,,,,,,,,,,
,,,,,,Narayana Hrudayalaya Ltd.,Very Good,275.1,2.55%,"5,483",389,201.3,5.5,46.11,4.83,20.92
,,,,,,Add to ,,,,,,,,,,
,,,,,,Natco Pharma Ltd.,NA,663,3.68%,"11,643",737.8,450,19.14,24.54,3.01,14.25
,,,,,,Add to ,,,,,,,,,,
,,,,,,National Aluminium Company Ltd.,Not Good,32.45,-1.07%,"6,119",51.5,24.45,16.46,44.27,0.61,0.9
,,,,,,Add to ,,,,,,,,,,
,,,,,,National Fertilizers Ltd.,Not Good,30.8,-2.53%,"1,550",40.45,15,13.96,10.39,0.69,9.66
,,,,,,Add to ,,,,,,,,,,
,,,,,,Nava Bharat Ventures Ltd.,Somewhat,53.4,-1.02%,942,101.7,32.4,5.54,7.19,0.32,4.75
,,,,,,Add to ,Good,,,,,,,,,
,,,,,,Navin Fluorine International Ltd.,Somewhat,"1,679",-0.25%,"8,330","1,729",570.2,14.91,20.83,6,36.55
,,,,,,Add to ,Good,,,,,,,,,
,,,,,,NBCC (India) Ltd.,Somewhat,24.4,-1.41%,"4,455",62.35,14.1,22.63,24.2,3.03,7.61
,,,,,,Add to ,Good,,,,,,,,,
,,,,,,NCC Ltd.,Somewhat,30.45,-0.65%,"1,869",99.45,15.9,13.08,4.89,0.37,2.5
,,,,,,Add to ,Good,,,,,,,,,
,,,,,,Nesco Ltd.,Very Good,431.6,-1.18%,"3,078",816.9,381.1,16.56,13.16,2.27,13.18
,,,,,,Add to ,,,,,,,,,,
,,,,,,Nestle India Ltd.,Very Good,"16,690",-0.55%,"1,61,805","18,301","11,271",70.25,79.64,65.84,55.71
,,,,,,Add to ,,,,,,,,,,
,,,,,,Network 18 Media & Investment Ltd.,Not Good,40.9,-1.45%,"4,345",49.65,14.85,-16.69,0,3.7,-
,,,,,,Add to ,,,,,,,,,,
,,,,,,NHPC Ltd.,Somewhat,20.65,1.72%,"20,391",29,15.15,8.52,6.55,0.65,7.31
,,,,,,Add to ,Good,,,,,,,,,
,,,,,,NIIT Technologies Ltd.,Somewhat,"1,421",0.45%,"8,838","2,057",739,21.03,19.9,3.69,12.19
,,,,,,Add to ,Good,,,,,,,,,
,,,,,,Nilkamal Ltd.,Somewhat,"1,135",-0.36%,"1,700","1,544",890.5,12.58,11.97,1.65,8.05
,,,,,,Add to ,Good,,,,,,,,,
,,,,,,Nippon Life India Asset Management Ltd.,Somewhat,313.6,-1.09%,"19,410",452.9,201,16.09,46.74,7.67,31.65
,,,,,,Add to ,Good,,,,,,,,,
,,,,,,NLC India Ltd.,Somewhat,46,1.32%,"6,295",72.5,35.05,10.01,4.45,0.5,15.85
,,,,,,Add to ,Good,,,,,,,,,
,,,,,,NMDC Ltd.,Somewhat,82.55,1.10%,"25,000",139.5,62,18.31,7,0.9,3
,,,,,,Add to ,Good,,,,,,,,,
,,,,,,NTPC Ltd.,Somewhat,94.35,1.07%,"92,366",144.2,74,11.42,17.48,0.81,12.17
,,,,,,Add to ,Good,,,,,,,,,
,,,,,,Oberoi Realty Ltd.,Somewhat,359.6,-0.11%,"13,092",641.7,290.1,8.58,39.55,2.1,24.01
,,,,,,Add to ,Good,,,,,,,,,
,,,,,,Oil & Natural Gas Corporation Ltd.,Very Good,82.4,0.61%,"1,03,032",168.8,51.8,13.65,7.66,0.53,3.77
,,,,,,Add to ,,,,,,,,,,
,,,,,,Oil India Ltd.,Not Good,97.3,1.99%,"10,345",179.3,66,13.42,4,0.42,2.56
,,,,,,Add to ,,,,,,,,,,
,,,,,,Omaxe Ltd.,Not Good,103,-9.97%,"2,092",222.2,103,1.29,72.53,1.31,24.56
,,,,,,Add to ,,,,,,,,,,
,,,,,,Oracle Financial Services Software Ltd.,Very Good,"2,865",0.26%,"24,564","3,422","1,533",28.41,16.8,3.74,10.44
,,,,,,Add to ,,,,,,,,,,
,,,,,,Orient Cement Ltd.,Not Good,70.1,-0.92%,"1,449",112.7,35.25,0,0,0,-
,,,,,,Add to ,,,,,,,,,,
,,,,,,Orient Electric Ltd.,Very Good,192.5,-2.16%,"4,175",286.4,138.2,24.73,53.1,11.62,29.87
,,,,,,Add to ,,,,,,,,,,
,,,,,,Orient Refractories Ltd.,Very Good,170.3,-3.40%,"2,118",268.5,108.5,24.49,24.28,4.96,15.38
,,,,,,Add to ,,,,,,,,,,
,,,,,,Page Industries Ltd.,Very Good,"20,609",1.66%,"22,612","26,891","16,187",47.31,65.88,27.58,36.63
,,,,,,Add to ,,,,,,,,,,
,,,,,,Parag Milk Foods Ltd.,Somewhat,95.75,-1.03%,814,276.1,48.5,15.71,8.69,0.89,4.64
,,,,,,Add to ,Good,,,,,,,,,
,,,,,,PC Jeweller Ltd.,Somewhat,16.7,-2.05%,673,44.9,7.8,-0.36,8.58,0.17,8.7
,,,,,,Add to ,Good,,,,,,,,,
,,,,,,Persistent Systems Ltd.,Very Good,641.2,-0.27%,"4,914",739.9,420,12.49,14.44,2.09,8.07
,,,,,,Add to ,,,,,,,,,,
,,,,,,Petronet LNG Ltd.,Very Good,272.9,4.42%,"39,203",302,170.8,20.47,14.53,3.58,10.66
,,,,,,Add to ,,,,,,,,,,
,,,,,,Pfizer Ltd.,Very Good,"4,124",-1.33%,"19,120","5,173","2,798",14.37,37.55,5.63,30.29
,,,,,,Add to ,,,,,,,,,,
,,,,,,Phillips Carbon Black Ltd.,Not Good,108.5,8.13%,"1,729",147.4,54.2,25.11,6.1,1.02,3.77
,,,,,,Add to ,,,,,,,,,,
,,,,,,Phoenix Mills Ltd.,Somewhat,563.5,2.67%,"8,423",979.5,466.2,11.73,25.16,2.27,12.18
,,,,,,Add to ,Good,,,,,,,,,
,,,,,,PI Industries Ltd.,Very Good,"1,576",0.87%,"21,581","1,688",973.7,18.37,47.27,8.24,36.96
,,,,,,Add to ,,,,,,,,,,
,,,,,,Pidilite Industries Ltd.,Very Good,"1,390",0.09%,"70,553","1,710","1,169",22.52,63.2,15.83,50.29
,,,,,,Add to ,,,,,,,,,,
,,,,,,Piramal Enterprises Ltd.,Very Good,"1,411",1.61%,"31,330","2,050",608,6.87,0,1.02,11.69
,,,,,,Add to ,,,,,,,,,,
,,,,,,PNB Housing Finance Ltd.,Somewhat,210.1,-1.22%,"3,576",803,146,16.99,5.53,0.45,-
,,,,,,Add to ,Good,,,,,,,,,
,,,,,,PNC Infratech Ltd.,Somewhat,156.4,4.93%,"3,825",214.8,80.85,18.38,6.96,1.5,5.9
,,,,,,Add to ,Good,,,,,,,,,
,,,,,,Polycab India Ltd.,Somewhat,844.6,0.43%,"12,528","1,180",525,23.33,16.5,3.29,10.62
,,,,,,Add to ,Good,,,,,,,,,
,,,,,,Power Finance Corporation Ltd.,Very Good,84.25,-0.82%,"22,427",135.2,74.2,17.33,3.97,0.5,-
,,,,,,Add to ,,,,,,,,,,
,,,,,,Power Grid Corporation Of India Ltd.,Very Good,177.7,1.54%,"91,553",216.2,129.8,20.75,10.03,1.42,7.9
,,,,,,Add to ,,,,,,,,,,
,,,,,,Praj Industries Ltd.,Somewhat,63.75,-1.62%,"1,187",144.5,43,8.73,16.85,1.65,11.31
,,,,,,Add to ,Good,,,,,,,,,
,,,,,,Prestige Estate Projects Ltd.,Somewhat,204.9,1.97%,"8,057",426.1,133.8,6.14,30.71,1.53,19.43
,,,,,,Add to ,Good,,,,,,,,,
,,,,,,Prism Johnson Ltd.,Not Good,44.1,-3.71%,"2,305",96.3,25.8,14.32,40.84,2.05,6.62
,,,,,,Add to ,,,,,,,,,,
,,,,,,Procter & Gamble Health Ltd.,Very Good,"4,065",0.19%,"6,736","5,121","2,928",73.32,40.94,7.8,38.1
,,,,,,Add to ,,,,,,,,,,
,,,,,,Procter & Gamble Hygiene & Health Care Ltd.,Very Good,"10,351",1.07%,"33,244","12,700","8,500",49.37,78.28,30.58,53.17
,,,,,,Add to ,,,,,,,,,,
,,,,,,PTC India Ltd.,Somewhat,49.15,0.00%,"1,455",68.45,32.4,7.97,4.54,0.41,5.63
,,,,,,Add to ,Good,,,,,,,,,
,,,,,,Punjab National Bank,Not Good,35.95,-0.83%,"34,114",83.35,26.3,-25.24,77.8,0.78,-
,,,,,,Add to ,,,,,,,,,,
,,,,,,PVR Ltd.,Somewhat,"1,033",1.69%,"5,214","2,121",719.5,15.35,172.87,3.56,12.22
,,,,,,Add to ,Good,,,,,,,,,
,,,,,,Quess Corp Ltd.,Very Good,346.8,-4.62%,"5,365",639,165.4,9.62,0,2.36,11.85
,,,,,,Add to ,,,,,,,,,,
,,,,,,Radico Khaitan Ltd.,Somewhat,369.3,-0.97%,"4,979",439,220,15.45,21.89,3.27,15
,,,,,,Add to ,Good,,,,,,,,,
,,,,,,Rail Vikas Nigam Ltd.,Somewhat,19.9,-1.73%,"4,222",29.3,10.2,16.74,6.05,0.85,11.87
,,,,,,Add to ,Good,,,,,,,,,
,,,,,,Rain Industries Ltd.,Somewhat,80.95,2.08%,"2,667",128.9,44.9,7.89,6.22,0.53,6.32
,,,,,,Add to ,Good,,,,,,,,,
,,,,,,Rajesh Exports Ltd.,Not Good,483.5,2.80%,"13,888",802,462,10.18,34.44,2.81,7.45
,,,,,,Add to ,,,,,,,,,,
,,,,,,Rallis India Ltd.,Somewhat,272.9,0.42%,"5,286",279,127.1,13.47,28.6,3.75,18.04
,,,,,,Add to ,Good,,,,,,,,,
,,,,,,Rashtriya Chemicals & Fertilizers Ltd.,Somewhat,46.4,-0.64%,"2,576",64.7,22.05,4.65,12.38,0.81,14.4
,,,,,,Add to ,Good,,,,,,,,,
,,,,,,Ratnamani Metals & Tubes Ltd.,Somewhat,"1,062",1.17%,"4,906","1,384",715.5,16.49,15.96,2.87,11.39
,,,,,,Add to ,Good,,,,,,,,,
,,,,,,Raymond Ltd.,Not Good,270.1,-2.30%,"1,892",838,209.5,9.11,9.65,0.76,6.76
,,,,,,Add to ,,,,,,,,,,
,,,,,,RBL Bank Ltd.,Somewhat,173.5,-2.23%,"9,028",662.5,101.6,5.58,17.85,0.85,-
,,,,,,Add to ,Good,,,,,,,,,
,,,,,,REC Ltd.,Very Good,108.3,-0.18%,"21,428",169.6,79,17.31,4.39,0.61,-
,,,,,,Add to ,,,,,,,,,,
,,,,,,Redington (India) Ltd.,Somewhat,89.05,-1.11%,"3,504",139.8,60,9.43,7.16,1.94,12.65
,,,,,,Add to ,Good,,,,,,,,,
,,,,,,Relaxo Footwears Ltd.,Very Good,655.9,3.93%,"15,667",830.1,395.6,18.39,69.25,12.31,48.1
,,,,,,Add to ,,,,,,,,,,
,,,,,,Reliance Capital Ltd.,Not Good,13.31,-5.00%,354,66.35,3.7,-89.42,0,0.11,-
,,,,,,Add to ,,,,,,,,,,
,,,,,,Reliance Industries Ltd.,Somewhat,"1,788",1.53%,"11,90,490","1,804",867.5,9.85,30.25,2.35,16.04
,,,,,,Add to ,Good,,,,,,,,,
,,,,,,Reliance Infrastructure Ltd.,Not Good,40.5,-4.93%,"1,120",56.55,8.65,7.21,1.09,0.11,-
,,,,,,Add to ,,,,,,,,,,
,,,,,,Reliance Power Ltd.,Not Good,4.75,-4.81%,"1,400",5.23,1,-9.92,0,0.12,9.75
,,,,,,Add to ,,,,,,,,,,
,,,,,,Repco Home Finance Ltd.,Not Good,123.2,-2.03%,787,382,90.75,16.55,2.77,0.45,-
,,,,,,Add to ,,,,,,,,,,
,,,,,,Responsive Industries Ltd.,NA,86.25,6.81%,"2,155",104.8,67.9,3.12,101.02,3.21,20.97
,,,,,,Add to ,,,,,,,,,,
,,,,,,Rites Ltd.,Somewhat,262.5,-2.00%,"6,696",331,191,19.74,10.87,2.54,5.61
,,,,,,Add to ,Good,,,,,,,,,
,,,,,,Sadbhav Engineering Ltd.,Very Good,45.55,-0.98%,789,244.5,23.4,9.55,7.45,0.38,5.41
,,,,,,Add to ,,,,,,,,,,
,,,,,,Sanofi India Ltd.,Very Good,"7,798",-0.85%,"18,112","8,528","5,610",19.56,44.53,7.29,25.45
,,,,,,Add to ,,,,,,,,,,
,,,,,,SBI Life Insurance Company Ltd.,Very Good,844,3.74%,"81,368","1,030",520,0,0,0,-
,,,,,,Add to ,,,,,,,,,,
,,,,,,Schaeffler India Ltd.,Very Good,"3,658",3.68%,"11,030","4,950","3,044",13.61,32.46,3.63,15.44
,,,,,,Add to ,,,,,,,,,,
,,,,,,Security And Intelligence Services India Ltd.,Somewhat,383.6,0.13%,"5,619",624.1,323.9,15.1,24.92,4.12,11.95
,,,,,,Add to ,Good,,,,,,,,,
,,,,,,SH Kelkar & Co Ltd.,Somewhat,67.65,-0.51%,961,147.9,47.6,10.04,26.93,1.17,9.26
,,,,,,Add to ,Good,,,,,,,,,
,,,,,,Sheela Foam Ltd.,Very Good,"1,448",0.97%,"6,998","1,770","1,084",19.29,42.28,8.43,36.6
,,,,,,Add to ,,,,,,,,,,
,,,,,,Shilpa Medicare Ltd.,Very Good,471.2,1.60%,"3,781",591.8,190.8,8.33,24.21,2.84,25.13
,,,,,,Add to ,,,,,,,,,,
,,,,,,Shoppers Stop Ltd.,Very Good,168,0.06%,"1,477",507,131.3,8.15,0,10.81,5.41
,,,,,,Add to ,,,,,,,,,,
,,,,,,Shree Cement Ltd.,Very Good,"22,886",0.58%,"82,102","25,341","15,500",13.6,52.29,6.35,22.33
,,,,,,Add to ,,,,,,,,,,
,,,,,,Shree Renuka Sugars Ltd.,Not Good,10.72,-4.96%,"2,162",12.45,3.2,-54.49,0,-2.37,21
,,,,,,Add to ,,,,,,,,,,
,,,,,,Shriram City Union Finance Ltd.,Very Good,677.4,-1.29%,"4,529","1,572",617,16.56,4.12,0.64,-
,,,,,,Add to ,,,,,,,,,,
,,,,,,Shriram Transport Finance Company Ltd.,Very Good,695.9,-0.29%,"15,834","1,367",440,17.29,6.3,0.87,-
,,,,,,Add to ,,,,,,,,,,
,,,,,,Siemens Ltd.,Very Good,"1,149",4.98%,"38,960","1,717",947,11.5,38.44,4.27,23.9
,,,,,,Add to ,,,,,,,,,,
,,,,,,SJVN Ltd.,Somewhat,22,1.15%,"8,547",27.5,17.15,12.7,5.17,0.73,3.85
,,,,,,Add to ,Good,,,,,,,,,
,,,,,,SKF India Ltd.,Very Good,"1,701",2.10%,"8,235","2,313","1,238",15.29,28.5,4.32,20.32
,,,,,,Add to ,,,,,,,,,,
,,,,,,Sobha Ltd.,Somewhat,222.8,-0.16%,"2,117",588,117.9,12.2,7.31,0.93,6.95
,,,,,,Add to ,Good,,,,,,,,,
,,,,,,Solar Industries (India) Ltd.,Very Good,"1,003",1.59%,"8,938","1,350",772,24.11,39.37,9.14,28.36
,,,,,,Add to ,,,,,,,,,,
,,,,,,Sonata Software Ltd.,Somewhat,238.1,0.51%,"2,491",361.8,148.1,32.7,11.79,6.67,10.17
,,,,,,Add to ,Good,,,,,,,,,
,,,,,,Spandana Sphoorty Financial Ltd.,NA,549.4,-0.49%,"3,551","1,400",403.5,29.28,10.1,1.35,-
,,,,,,Add to ,,,,,,,,,,
,,,,,,Spicejet Ltd.,Not Good,50.2,-0.50%,"3,027",152.6,30.8,116.4,0,-6.25,40.47
,,,,,,Add to ,,,,,,,,,,
,,,,,,SRF Ltd.,Somewhat,"3,644",-0.28%,"21,026","4,259","2,492",14.18,26.49,4.49,20.34
,,,,,,Add to ,Good,,,,,,,,,
,,,,,,Star Cement Ltd.,Somewhat,90.35,2.67%,"3,629",122.5,56,18.67,12.71,1.95,7.77
,,,,,,Add to ,Good,,,,,,,,,
,,,,,,State Bank Of India,Very Good,184.8,-0.38%,"1,65,507",373.7,149.6,7.16,11.42,0.79,-
,,,,,,Add to ,,,,,,,,,,
,,,,,,Steel Authority Of India Ltd.,Somewhat,30.9,-1.12%,"12,908",52.6,20.15,7.03,0,0.35,5.82
,,,,,,Add to ,Good,,,,,,,,,
,,,,,,Sterling and Wilson Solar Ltd.,NA,222.7,1.74%,"3,509",755.5,69.75,119.17,11.32,3.25,7.44
,,,,,,Add to ,,,,,,,,,,
,,,,,,Sterlite Technologies Ltd.,Somewhat,128.1,0.71%,"5,136",179.9,59.8,40.17,11.85,2.84,6.38
,,,,,,Add to ,Good,,,,,,,,,
,,,,,,Strides Pharma Science Ltd.,Not Good,413.1,0.04%,"3,699",547.4,271,3.69,33.12,1.17,27.67
,,,,,,Add to ,,,,,,,,,,
,,,,,,Sudarshan Chemical Industries Ltd.,Very Good,387.4,-0.73%,"2,702",505.9,286.2,16.87,18.69,4.5,14.46
,,,,,,Add to ,,,,,,,,,,
,,,,,,Sun Pharma Advanced Research Company Ltd.,Not Good,157.7,-0.82%,"4,167",210.7,81,-60.03,0,-264.47,-
,,,,,,Add to ,,,,,,,,,,
,,,,,,Sun Pharmaceutical Industries Ltd.,Very Good,476.9,0.79%,"1,13,525",512.5,315.2,8.79,30.15,2.51,17.53
,,,,,,Add to ,,,,,,,,,,
,,,,,,Sun TV Network Ltd.,Somewhat,399.8,-0.35%,"15,809",551,259.8,26.73,11.52,2.81,5.2
,,,,,,Add to ,Good,,,,,,,,,
,,,,,,Sundaram Finance Ltd.,Very Good,"1,409",-0.21%,"15,685","1,781","1,020",24.56,21.67,2.83,-
,,,,,,Add to ,,,,,,,,,,
,,,,,,Sundaram-Clayton Ltd.,Very Good,"1,706",1.38%,"3,405","2,400",970.5,19.46,10.1,1.38,5.59
,,,,,,Add to ,,,,,,,,,,
,,,,,,Sundram Fasteners Ltd.,Very Good,390.6,2.76%,"7,988",533,249,26.12,24.59,4,11.17
,,,,,,Add to ,,,,,,,,,,
,,,,,,Sunteck Realty Ltd.,Not Good,181.4,2.69%,"2,586",487.4,145,10.15,20.55,1.33,12.97
,,,,,,Add to ,,,,,,,,,,
,,,,,,Suprajit Engineering Ltd.,Very Good,152.4,2.14%,"2,088",220,100,15.84,20.08,2.45,9.58
,,,,,,Add to ,,,,,,,,,,
,,,,,,Supreme Industries Ltd.,Very Good,"1,135",-0.32%,"14,459","1,414",791.1,24.88,29.13,6.78,17.03
,,,,,,Add to ,,,,,,,,,,
,,,,,,Suzlon Energy Ltd.,Not Good,5.9,4.98%,"3,775",5.9,1.65,220.24,0,-0.42,-
,,,,,,Add to ,,,,,,,,,,
,,,,,,Swan Energy Ltd.,Somewhat,140.2,-0.39%,"3,439",154.6,97,-0.69,0,3.58,79.1
,,,,,,Add to ,Good,,,,,,,,,
,,,,,,Symphony Ltd.,Very Good,900.5,-1.00%,"6,363","1,407",690,13.84,34.96,9.96,46.83
,,,,,,Add to ,,,,,,,,,,
,,,,,,Syngene International Ltd.,Very Good,437.2,7.62%,"16,250",443,201.7,16.88,39.49,7.61,26.43
,,,,,,Add to ,,,,,,,,,,
,,,,,,Take Solutions Ltd.,Somewhat,48.5,-1.32%,727,137.9,37.15,0.73,29.15,0.93,-
,,,,,,Add to ,Good,,,,,,,,,
,,,,,,Tasty Bite Eatables Ltd.,Very Good,"13,057",1.77%,"3,292","13,297","7,443",0,0,0,-
,,,,,,Add to ,,,,,,,,,,
,,,,,,Tata Consultancy Services Ltd.,Very Good,"2,199",1.88%,"8,09,896","2,296","1,504",36.47,25.04,9.72,18.38
,,,,,,Add to ,,,,,,,,,,
,,,,,,Tata Consumer Products Ltd.,Somewhat,396.4,1.36%,"35,826",407.9,214,7.17,68.43,3.31,42.49
,,,,,,Add to ,Good,,,,,,,,,
,,,,,,Tata Elxsi Ltd.,Very Good,910.7,-0.02%,"5,672","1,099",501,24.31,22.15,5.2,14.72
,,,,,,Add to ,,,,,,,,,,
,,,,,,Tata Investment Corporation Ltd.,Somewhat,761.4,1.22%,"3,806","1,025",592.1,1.5,32.08,0.48,-
,,,,,,Add to ,Good,,,,,,,,,
,,,,,,Tata Motors - DVR Ordinary-,Somewhat,41.45,0.97%,-,84.4,28.35,0,0,0,-
,,,,,,Add to ,Good,,,,,,,,,
,,,,,,Tata Motors Ltd.,Somewhat,103.5,1.87%,"31,369",201.8,63.6,-11.41,0,0.5,3.93
,,,,,,Add to ,Good,,,,,,,,,
,,,,,,Tata Power Company Ltd.,Somewhat,49.95,0.20%,"13,483",74.05,27,6.11,13.25,0.75,10.06
,,,,,,Add to ,Good,,,,,,,,,
,,,,,,Tata Steel BSL Ltd.,Not Good,20.3,-1.93%,"2,263",32.55,15.25,10.04,0,0.13,4.48
,,,,,,Add to ,,,,,,,,,,
,,,,,,Tata Steel Ltd.,Somewhat,329.9,-1.49%,"40,332",505.9,250.9,15.3,5.98,0.54,3.33
,,,,,,Add to ,Good,,,,,,,,,
,,,,,,TCI Express Ltd.,Very Good,660.2,0.73%,"2,514",950.5,491,0,0,0,-
,,,,,,Add to ,,,,,,,,,,
,,,,,,TCNS Clothing Co Ltd.,Somewhat,348.4,-2.16%,"2,189",818,300.4,0,0,0,-
,,,,,,Add to ,Good,,,,,,,,,
,,,,,,TeamLease Services Ltd.,Very Good,"1,709",3.02%,"2,836","3,192","1,421",19.99,81.08,4.96,28.76
,,,,,,Add to ,,,,,,,,,,
,,,,,,Tech Mahindra Ltd.,Very Good,567,1.11%,"54,178",845.7,470.2,19.78,13.43,2.48,7.45
,,,,,,Add to ,,,,,,,,,,
,,,,,,Techno Electric & Engineering Company Ltd.,Somewhat,188.1,1.46%,"2,039",320.7,170,12.44,9.98,1.39,6.27
,,,,,,Add to ,Good,,,,,,,,,
,,,,,,The Federal Bank Ltd.,Somewhat,53,-1.03%,"10,677",110.2,35.7,10.97,6.79,0.72,-
,,,,,,Add to ,Good,,,,,,,,,
,,,,,,The Great Eastern Shipping Company Ltd.,Not Good,212.7,0.16%,"3,121",369.4,168.9,-0.4,11.12,0.62,6.42
,,,,,,Add to ,,,,,,,,,,
,,,,,,The India Cements Ltd.,Not Good,125.2,-0.48%,"3,900",140,67.9,1.16,0,0.72,11.3
,,,,,,Add to ,,,,,,,,,,
,,,,,,The Indian Hotels Company Ltd.,Somewhat,80.25,1.07%,"9,443",162.9,62.1,6.36,23.52,2.06,14.99
,,,,,,Add to ,Good,,,,,,,,,
,,,,,,The Jammu & Kashmir Bank Ltd.,Not Good,17.35,-3.61%,"1,284",53.2,11.05,8.04,0,1.2,-
,,,,,,Add to ,,,,,,,,,,
,,,,,,The Karnataka Bank Ltd.,Somewhat,42.15,-1.06%,"1,324",96.27,34.2,7.94,3.07,0.24,-
,,,,,,Add to ,Good,,,,,,,,,
,,,,,,The Lakshmi Vilas Bank Ltd.,Not Good,22.15,4.98%,710,73.75,10.45,-46.35,0,0.74,-
,,,,,,Add to ,,,,,,,,,,
,,,,,,The New India Assurance Co. Ltd.,Somewhat,119.1,-1.24%,"19,875",179.1,75,0,0,1.13,-
,,,,,,Add to ,Good,,,,,,,,,
,,,,,,The Ramco Cements Ltd.,Very Good,641,-1.22%,"15,287",883.3,456.5,11.89,25.43,3.11,16.19
,,,,,,Add to ,,,,,,,,,,
,,,,,,The South Indian Bank Ltd.,Somewhat,8.13,0.37%,"1,466",13.4,4.85,4.9,14.02,0.28,-
,,,,,,Add to ,Good,,,,,,,,,
,,,,,,Thermax Ltd.,Very Good,766,1.54%,"8,989","1,180",644,14.53,42.31,2.97,16.25
,,,,,,Add to ,,,,,,,,,,
,,,,,,Thyrocare Technologies Ltd.,Very Good,510.9,-0.20%,"2,705",689.5,406.6,18.59,30.6,7.38,17.01
,,,,,,Add to ,,,,,,,,,,
,,,,,,Time Technoplast Ltd.,Somewhat,39.45,5.48%,846,95.7,22.75,9.66,8.65,0.59,4.62
,,,,,,Add to ,Good,,,,,,,,,
,,,,,,Timken India Ltd.,Very Good,992.6,-1.88%,"7,610","1,101",629,14.39,30.92,4.83,25.75
,,,,,,Add to ,,,,,,,,,,
,,,,,,Titan Company Ltd.,Very Good,"1,003",1.71%,"87,567","1,390",720,25.08,57.7,12.83,44.34
,,,,,,Add to ,,,,,,,,,,
,,,,,,Torrent Pharmaceuticals Ltd.,Very Good,"2,395",1.86%,"39,780","2,679","1,453",14.11,38.81,8.25,22.52
,,,,,,Add to ,,,,,,,,,,
,,,,,,Torrent Power Ltd.,Somewhat,328.5,1.33%,"15,582",348.9,239.7,10.59,12.58,1.7,7.81
,,,,,,Add to ,Good,,,,,,,,,
,,,,,,Trent Ltd.,Very Good,619.4,1.28%,"21,740",804,367.6,7.7,140.64,8.7,84.98
,,,,,,Add to ,,,,,,,,,,
,,,,,,Trident Ltd.,Not Good,6.87,-0.15%,"3,506",8.45,3.05,10.8,10.32,1.16,6.17
,,,,,,Add to ,,,,,,,,,,
,,,,,,Triveni Turbine Ltd.,Very Good,73.4,5.31%,"2,253",115,45.9,18.43,20.47,4.52,15.66
,,,,,,Add to ,,,,,,,,,,
,,,,,,TTK Prestige Ltd.,Very Good,"5,496",-0.33%,"7,658","7,051","3,918",17.63,38.58,5.9,25.64
,,,,,,Add to ,,,,,,,,,,
,,,,,,Tube Investments of India Ltd.,Very Good,442.2,-0.53%,"8,355",577,255,18.02,27.27,4.84,14.69
,,,,,,Add to ,,,,,,,,,,
,,,,,,TV Today Network Ltd.,Somewhat,188.9,-0.63%,"1,135",345.4,128.3,17.06,7.98,1.3,4.19
,,,,,,Add to ,Good,,,,,,,,,
,,,,,,TV18 Broadcast Ltd.,Not Good,35.05,-0.28%,"6,026",41,11.85,3.4,276.93,2.17,81.26
,,,,,,Add to ,,,,,,,,,,
,,,,,,TVS Motor Company Ltd.,Very Good,395.3,2.53%,"18,317",503,240.1,22.05,30.93,5.06,13.5
,,,,,,Add to ,,,,,,,,,,
,,,,,,UCO Bank,Not Good,14.42,-1.90%,"14,580",22.2,8.4,-45.68,0,0.86,-
,,,,,,Add to ,,,,,,,,,,
,,,,,,Uflex Ltd.,Not Good,212,-0.91%,"1,545",245.1,120,2.47,10.78,0.68,6.23
,,,,,,Add to ,,,,,,,,,,
,,,,,,Ujjivan Financial Services Ltd.,Very Good,240.4,0.65%,"2,905",415.4,124.5,8.46,10.29,1.02,-
,,,,,,Add to ,,,,,,,,,,
,,,,,,Ultratech Cement Ltd.,Very Good,"3,886",-0.74%,"1,12,997","4,753","2,913",8.44,19.43,2.89,19.8
,,,,,,Add to ,,,,,,,,,,
,,,,,,Union Bank Of India,Not Good,32.05,-1.08%,"20,758",86.55,22.6,-12.54,0,0.63,-
,,,,,,Add to ,,,,,,,,,,
,,,,,,United Breweries Ltd.,Very Good,"1,037",-1.77%,"27,913","1,444",758.8,19.18,65.26,7.93,24.65
,,,,,,Add to ,,,,,,,,,,
,,,,,,United Spirits Ltd.,Very Good,588.5,-0.98%,"43,188",743,443,24.29,65.55,11.58,32.86
,,,,,,Add to ,,,,,,,,,,
,,,,,,UPL Ltd.,Very Good,444.2,0.41%,"33,800",709.2,240.3,15.83,19.03,1.75,14.81
,,,,,,Add to ,,,,,,,,,,
,,,,,,V-Guard Industries Ltd.,Very Good,169.9,-0.41%,"7,309",259.7,149,20.26,39.47,7.35,32.22
,,,,,,Add to ,,,,,,,,,,
,,,,,,V-Mart Retail Ltd.,Very Good,"1,812",-0.02%,"3,292","2,545","1,294",15.95,66.72,7.17,23.45
,,,,,,Add to ,,,,,,,,,,
,,,,,,VA Tech Wabag Ltd.,Somewhat,109.6,-0.86%,605,346.8,73,11.01,5.97,0.54,5.1
,,,,,,Add to ,Good,,,,,,,,,
,,,,,,Vaibhav Global Ltd.,Somewhat,"1,287",0.89%,"4,129","1,493",490,5.67,32.41,7.64,-
,,,,,,Add to ,Good,,,,,,,,,
,,,,,,Vakrangee Ltd.,Not Good,34.8,-1.69%,"3,750",55.5,17.1,0.67,89.89,1.44,-
,,,,,,Add to ,,,,,,,,,,
,,,,,,Vardhman Textiles Ltd.,Somewhat,668.5,0.22%,"3,837","1,105",592.9,12.41,7.03,0.68,5.03
,,,,,,Add to ,Good,,,,,,,,,
,,,,,,Varroc Engineering Ltd.,Somewhat,183.7,-0.11%,"2,479",525,119.2,15.28,0,0.82,4.3
,,,,,,Add to ,Good,,,,,,,,,
,,,,,,Varun Beverages Ltd.,Somewhat,697.8,2.38%,"19,677",870,485.1,19.73,40.72,5.81,14.84
,,,,,,Add to ,Good,,,,,,,,,
,,,,,,Vedanta Ltd.,Somewhat,106.5,0.05%,"39,551",175.6,60.3,9.95,0,0.72,2.89
,,,,,,Add to ,Good,,,,,,,,,
,,,,,,VenkyS (India) Ltd.,Not Good,"1,103",0.08%,"1,552","1,943",580,21.83,0,1.86,5.36
,,,,,,Add to ,,,,,,,,,,
,,,,,,Vinati Organics Ltd.,Very Good,993.8,2.98%,"9,918","1,256",651,29.05,29.71,7.75,24.24
,,,,,,Add to ,,,,,,,,,,
,,,,,,VIP Industries Ltd.,Very Good,258.8,-0.25%,"3,666",519.9,187.9,27.93,32.81,6.01,16.1
,,,,,,Add to ,,,,,,,,,,
,,,,,,Vodafone Idea Ltd.,Not Good,10.03,-0.10%,"28,850",13.15,2.61,-35,0,5.41,35.73
,,,,,,Add to ,,,,,,,,,,
,,,,,,Voltas Ltd.,Very Good,559,-0.59%,"18,604",740.5,428,11.43,35.97,4.35,27.76
,,,,,,Add to ,,,,,,,,,,
,,,,,,VRL Logistics Ltd.,Somewhat,160.7,-0.37%,"1,457",300.1,120.5,0,0,0,-
,,,,,,Add to ,Good,,,,,,,,,
,,,,,,VST Industries Ltd.,Very Good,"3,172",0.45%,"4,876","4,856","2,550",32.15,16.04,6.2,12.08
,,,,,,Add to ,,,,,,,,,,
,,,,,,Wabco India Ltd.,Very Good,"6,884",0.05%,"13,051","6,980","5,297",15.4,82.18,6.89,29.67
,,,,,,Add to ,,,,,,,,,,
,,,,,,Welspun Corp Ltd.,Not Good,79.5,-1.73%,"2,111",233.7,55,-5.77,6.89,1.35,-
,,,,,,Add to ,,,,,,,,,,
,,,,,,Welspun India Ltd.,Not Good,35.65,0.28%,"3,572",59.3,18.3,11.44,7.52,1.27,7.35
,,,,,,Add to ,,,,,,,,,,
,,,,,,Westlife Development Ltd.,Very Good,322.3,4.12%,"4,819",499.9,257.2,5.99,0,8.35,39.04
,,,,,,Add to ,,,,,,,,,,
,,,,,,Whirlpool Of India Ltd.,Very Good,"2,160",2.71%,"26,680","2,570","1,343",20.35,56.02,10.48,39.68
,,,,,,Add to ,,,,,,,,,,
,,,,,,Wipro Ltd.,Very Good,224.7,0.00%,"1,28,403",284.8,159.6,16.76,13.21,2.33,8.33
,,,,,,Add to ,,,,,,,,,,
,,,,,,Wockhardt Ltd.,Somewhat,275.4,0.25%,"3,042",411.6,147.2,-6.4,0,1.14,44.23
,,,,,,Add to ,Good,,,,,,,,,
,,,,,,Zee Entertainment Enterprises Ltd.,Very Good,172.3,-1.20%,"16,751",405.5,114,19.19,10.57,1.7,6.23
,,,,,,Add to ,,,,,,,,,,
,,,,,,Zensar Technologies Ltd.,Very Good,129,-0.04%,"2,909",260,63.7,16.27,11.04,1.39,6.09
,,,,,,Add to ,,,,,,,,,,
,,,,,,Zydus Wellness Ltd.,Very Good,"1,328",2.42%,"7,476","1,859","1,070",7.68,52.75,2.16,50.54
,,,,,,Add to ,,,,,,,,,,
